Student ID,Student Name,Class,Section,Term,Maths,Science,Social Science,English,Hindi,Marks Score,Total Marks,Percentage,Result
S483,Tova Peyro,4,B,Term 2,42,41,43,88,58,272,500,54.4,Pass
S839,Gearalt Stoneman,12,A,Term 2,43,18,50,91,67,269,500,53.8,Pass
S375,Daisy Stormes,1,A,Term 1,93,28,49,52,27,249,500,49.8,Pass
S347,Rhodie Daffern,9,A,Term 1,87,46,19,87,44,283,500,56.6,Pass
S810,Mitchel Clemow,9,A,Term 1,96,30,50,66,65,307,500,61.4,Pass
S850,Killy McKerlie,5,B,Term 1,60,18,54,42,40,214,500,42.8,Pass
S634,Salomone Munnion,8,A,Term 1,49,73,79,27,76,304,500,60.8,Pass
S819,Renae Turmall,1,B,Term 2,72,40,24,34,75,245,500,49,Pass
S970,Abbot Cohr,9,B,Term 2,96,38,98,49,61,342,500,68.4,Pass
S556,Diandra Northing,1,A,Term 1,26,54,56,45,87,268,500,53.6,Pass
S741,Vannie Potapczuk,3,A,Term 2,50,87,94,85,31,347,500,69.4,Pass
S898,Merrick Espasa,10,B,Term 1,44,47,60,95,71,317,500,63.4,Pass
S430,Toby Tarquinio,6,B,Term 2,38,41,55,92,59,285,500,57,Pass
S988,Merrile Seefus,10,A,Term 1,68,44,61,21,32,226,500,45.2,Pass
S624,Carol-jean Couche,8,A,Term 1,57,35,26,88,65,271,500,54.2,Pass
S366,Papagena Tyer,12,B,Term 1,59,72,48,36,91,306,500,61.2,Pass
S841,Linnell Brack,1,B,Term 2,83,61,65,58,63,330,500,66,Pass
S408,Lyman Horbath,6,A,Term 2,89,31,57,55,80,312,500,62.4,Pass
S905,Nichol Looby,9,B,Term 1,82,78,58,71,52,341,500,68.2,Pass
S564,Sigrid Aitkenhead,3,B,Term 2,19,50,56,41,29,195,500,39,Pass
S768,Derwin Kirk,11,A,Term 2,16,69,89,77,55,306,500,61.2,Pass
S202,Tobey Cordoba,9,B,Term 2,74,25,97,32,69,297,500,59.4,Pass
S365,Elbertine Toseland,1,B,Term 1,41,61,63,69,42,276,500,55.2,Pass
S522,Elisabeth Savaage,6,A,Term 1,17,26,67,97,53,260,500,52,Pass
S848,Asa Boodell,5,A,Term 2,91,89,55,58,57,350,500,70,Pass
S749,Candace Gingedale,4,B,Term 2,34,77,98,37,67,313,500,62.6,Pass
S304,Birch Roset,9,A,Term 1,25,79,70,93,57,324,500,64.8,Pass
S930,Elka Uvedale,10,A,Term 2,51,66,85,23,36,261,500,52.2,Pass
S819,Nikki Mattis,12,A,Term 2,28,95,92,87,52,354,500,70.8,Pass
S625,Kaila Postill,1,A,Term 2,21,48,85,36,37,227,500,45.4,Pass
S799,Leeanne Groucutt,5,B,Term 1,55,78,87,92,80,392,500,78.4,Pass
S486,Yoshiko Spata,9,B,Term 2,49,52,36,35,93,265,500,53,Pass
S452,Tiffy Shallcross,6,B,Term 2,44,72,76,95,81,368,500,73.6,Pass
S833,Angeli Death,5,A,Term 2,21,18,61,68,95,263,500,52.6,Pass
S453,Temp Korneluk,3,B,Term 1,39,31,65,66,63,264,500,52.8,Pass
S987,Maxy MacKibbon,4,A,Term 1,69,14,30,36,70,219,500,43.8,Pass
S793,Merrile Pumfrett,11,B,Term 2,45,51,22,89,79,286,500,57.2,Pass
S552,Stephanie Hallaways,3,B,Term 1,72,90,41,91,63,357,500,71.4,Pass
S201,Fidel Rubinchik,8,B,Term 2,31,39,32,58,62,222,500,44.4,Pass
S969,Arney Kemster,11,B,Term 2,67,21,87,77,34,286,500,57.2,Pass
S108,Tracy Charrington,10,B,Term 1,25,82,41,48,48,244,500,48.8,Pass
S338,Gayle Ledwith,10,B,Term 1,77,86,94,29,68,354,500,70.8,Pass
S716,Ursola Vossing,3,B,Term 1,82,16,29,86,41,254,500,50.8,Pass
S145,Cori Camies,2,B,Term 2,68,13,82,63,93,319,500,63.8,Pass
S728,Gusella Van Arsdale,6,A,Term 1,89,52,55,94,79,369,500,73.8,Pass
S075,Rod Nesterov,1,B,Term 2,43,19,63,67,30,222,500,44.4,Pass
S092,Reagan Harkin,3,B,Term 2,90,64,96,24,32,306,500,61.2,Pass
S074,Paloma Aggas,10,B,Term 2,89,20,58,38,86,291,500,58.2,Pass
S526,Carma Paulin,8,B,Term 1,29,84,64,91,32,300,500,60,Pass
S483,Rivkah Kidstone,5,B,Term 1,46,70,60,53,90,319,500,63.8,Pass
S051,Fawn Ouldcott,8,B,Term 1,32,46,35,87,35,235,500,47,Pass
S330,Ardelle Macauley,9,B,Term 2,19,90,35,81,29,254,500,50.8,Pass
S220,Sophronia Gullifant,9,A,Term 1,66,27,85,76,52,306,500,61.2,Pass
S935,Danya Tolley,11,B,Term 1,15,78,21,20,45,179,500,35.8,Pass
S687,Burtie Cammacke,10,A,Term 2,35,48,25,55,89,252,500,50.4,Pass
S697,Jeno Theobalds,4,B,Term 2,83,54,75,79,67,358,500,71.6,Pass
S296,Jard Niset,5,A,Term 1,38,24,99,53,32,246,500,49.2,Pass
S410,Dmitri Cosin,11,A,Term 2,24,51,64,40,32,211,500,42.2,Pass
S203,Robinetta Witcomb,6,A,Term 1,48,23,62,57,81,271,500,54.2,Pass
S643,Jemimah Greiser,5,B,Term 1,52,18,45,43,69,227,500,45.4,Pass
S201,Leon Spall,8,B,Term 2,38,75,54,81,71,319,500,63.8,Pass
S212,Nikaniki Dugdale,3,B,Term 2,77,64,82,61,53,337,500,67.4,Pass
S315,Everard Coggill,6,A,Term 1,59,76,55,76,39,305,500,61,Pass
S466,Katti Plowman,3,A,Term 2,58,33,52,49,25,217,500,43.4,Pass
S880,Heath Cormode,3,B,Term 1,27,70,71,47,65,280,500,56,Pass
S325,Brig Phillipson,8,A,Term 2,25,73,64,93,87,342,500,68.4,Pass
S223,Melissa Kulic,7,A,Term 1,75,73,28,29,33,238,500,47.6,Pass
S555,Gert Eymer,10,A,Term 2,34,52,70,57,60,273,500,54.6,Pass
S770,Mariana Hambleton,1,A,Term 1,90,34,90,37,23,274,500,54.8,Pass
S744,Dunn Ettery,4,B,Term 1,59,61,93,41,49,303,500,60.6,Pass
S857,Grayce Riquet,4,B,Term 1,72,16,96,86,82,352,500,70.4,Pass
S862,Magdalena Loveless,7,B,Term 2,96,93,50,89,52,380,500,76,Pass
S000,Ava Tansly,11,B,Term 1,74,21,26,59,53,233,500,46.6,Pass
S363,Carley Wardington,2,A,Term 1,14,70,76,45,86,291,500,58.2,Pass
S339,Ches Viner,11,A,Term 2,32,45,83,87,87,334,500,66.8,Pass
S193,Jack Eliaz,9,B,Term 2,56,83,28,62,88,317,500,63.4,Pass
S820,Abbey Stockford,4,B,Term 2,76,97,85,59,68,385,500,77,Pass
S622,Sibbie O'Dyvoy,2,A,Term 1,53,59,55,76,74,317,500,63.4,Pass
S259,Kingsley Do Rosario,3,B,Term 2,78,96,87,92,81,434,500,86.8,Pass
S723,Anthiathia Corcoran,8,A,Term 1,83,90,62,86,82,403,500,80.6,Pass
S281,Velvet Keeling,2,A,Term 2,50,22,67,82,63,284,500,56.8,Pass
S466,Nicol Maxfield,9,B,Term 1,90,53,27,84,39,293,500,58.6,Pass
S294,Betty Ginnally,12,A,Term 2,70,75,28,51,23,247,500,49.4,Pass
S102,Huntlee Presdee,1,A,Term 2,66,73,77,46,42,304,500,60.8,Pass
S960,Maxy Broke,3,A,Term 2,31,72,42,56,90,291,500,58.2,Pass
S169,Sergio Dafter,8,A,Term 1,28,13,20,21,45,127,500,25.4,Fail
S664,Randolf Keetley,11,A,Term 1,26,68,84,86,39,303,500,60.6,Pass
S179,Shem Davidescu,5,B,Term 2,94,50,68,80,23,315,500,63,Pass
S221,Jefferey Weinham,7,A,Term 2,47,76,94,87,30,334,500,66.8,Pass
S475,Ade Spiby,10,A,Term 1,59,34,61,24,79,257,500,51.4,Pass
S483,Delora Caston,5,A,Term 2,43,86,82,87,89,387,500,77.4,Pass
S302,Jerrilyn Presdee,8,B,Term 1,43,98,99,30,69,339,500,67.8,Pass
S669,Claudelle Gair,11,B,Term 2,26,45,66,49,94,280,500,56,Pass
S269,Clarette Sparrow,10,B,Term 2,93,39,20,51,37,240,500,48,Pass
S556,Gertrude Glen,11,B,Term 2,50,21,81,43,54,249,500,49.8,Pass
S796,Gwenette Stanistreet,7,A,Term 2,71,60,85,72,76,364,500,72.8,Pass
S143,Luther Yarnley,4,B,Term 1,31,73,93,78,38,313,500,62.6,Pass
S182,Rooney Curl,3,A,Term 2,27,92,54,83,93,349,500,69.8,Pass
S660,Corrianne Alexandrou,5,A,Term 2,91,56,87,65,57,356,500,71.2,Pass
S072,Jacinda Doidge,1,B,Term 2,78,87,83,90,40,378,500,75.6,Pass
S820,Meredith McGaughay,5,A,Term 1,80,42,33,45,28,228,500,45.6,Pass
S297,Saidee Laffan,3,B,Term 1,61,20,41,29,85,236,500,47.2,Pass
S695,Dorelle Oury,6,A,Term 2,19,13,44,25,39,140,500,28,Fail
S956,Franny Reyne,7,A,Term 2,43,63,54,69,70,299,500,59.8,Pass
S887,Wendye Orta,9,A,Term 1,76,66,80,37,49,308,500,61.6,Pass
S803,Martelle Pietrowski,6,A,Term 1,96,90,37,49,59,331,500,66.2,Pass
S635,Gae Dugood,10,B,Term 1,29,65,74,71,30,269,500,53.8,Pass
S993,Klemens Erie,9,B,Term 2,93,39,46,79,94,351,500,70.2,Pass
S216,Tedie Doles,10,B,Term 2,98,16,47,24,80,265,500,53,Pass
S259,Piotr Gotobed,9,B,Term 2,88,92,89,23,79,371,500,74.2,Pass
S993,Farrah Aistrop,9,A,Term 2,93,70,60,33,95,351,500,70.2,Pass
S269,Kelley Albro,5,B,Term 2,89,64,72,60,41,326,500,65.2,Pass
S230,Wynnie Adamthwaite,12,B,Term 1,22,75,23,44,28,192,500,38.4,Pass
S667,Farand Peche,8,A,Term 1,94,51,77,76,76,374,500,74.8,Pass
S485,Orelie Frigout,4,B,Term 1,29,68,51,79,24,251,500,50.2,Pass
S860,Hanni Surmeyers,9,A,Term 2,67,63,34,50,41,255,500,51,Pass
S147,Natassia Tropman,12,B,Term 1,28,69,62,45,85,289,500,57.8,Pass
S433,Bettine McKinna,9,B,Term 1,22,95,98,82,93,390,500,78,Pass
S494,Thomasina Daniellot,4,B,Term 1,65,78,18,78,50,289,500,57.8,Pass
S029,Em Tebb,11,A,Term 1,40,19,52,61,45,217,500,43.4,Pass
S952,Rollie Gravy,5,A,Term 2,81,59,53,34,58,285,500,57,Pass
S968,Alasdair Loomis,1,B,Term 2,70,96,52,38,42,298,500,59.6,Pass
S190,Victoir Bracknall,5,B,Term 2,27,20,95,74,53,269,500,53.8,Pass
S447,Hughie Saxton,2,A,Term 1,49,92,57,87,71,356,500,71.2,Pass
S197,Byron Monaghan,1,A,Term 2,91,55,52,62,41,301,500,60.2,Pass
S983,Sid Wissby,3,B,Term 2,57,65,87,54,33,296,500,59.2,Pass
S873,Sharl Tantrum,5,A,Term 2,32,17,74,82,33,238,500,47.6,Pass
S153,Annice Neames,9,A,Term 2,34,25,94,41,69,263,500,52.6,Pass
S407,Baudoin Dyhouse,7,A,Term 1,32,89,77,28,78,304,500,60.8,Pass
S963,Ignatius Hildrew,7,A,Term 2,38,45,23,85,81,272,500,54.4,Pass
S955,Stanton Goare,5,A,Term 1,28,62,46,95,41,272,500,54.4,Pass
S205,Melina Weekes,3,B,Term 2,35,49,98,87,57,326,500,65.2,Pass
S100,Rupert Jewitt,4,B,Term 1,18,78,72,34,87,289,500,57.8,Pass
S245,Marsh Dutnell,1,B,Term 1,40,26,44,53,79,242,500,48.4,Pass
S203,Alvera Stranahan,12,B,Term 2,79,59,26,37,75,276,500,55.2,Pass
S662,Herbie Cuell,4,A,Term 1,37,45,21,94,83,280,500,56,Pass
S580,Neala Griffey,12,A,Term 1,16,15,89,55,49,224,500,44.8,Pass
S566,Josey Splevin,9,A,Term 1,37,28,36,41,60,202,500,40.4,Pass
S948,Adiana Garlett,11,A,Term 2,94,83,37,24,28,266,500,53.2,Pass
S206,Wolfie Formby,10,A,Term 2,18,14,32,80,80,224,500,44.8,Pass
S886,Clerkclaude Greenrodd,1,B,Term 1,94,34,29,44,86,287,500,57.4,Pass
S206,Catlee Gundry,2,B,Term 2,91,52,75,80,32,330,500,66,Pass
S061,Amandie Votier,3,B,Term 2,55,47,54,92,86,334,500,66.8,Pass
S506,Jaimie Glennie,3,A,Term 2,72,18,52,34,39,215,500,43,Pass
S968,Gerti Phidgin,3,A,Term 1,17,83,60,45,27,232,500,46.4,Pass
S928,Marisa Wapol,10,B,Term 1,72,20,59,93,31,275,500,55,Pass
S891,Ethelind Thayre,11,B,Term 1,71,98,18,74,69,330,500,66,Pass
S690,Corby Le Guin,7,A,Term 1,55,32,55,74,29,245,500,49,Pass
S340,Emmanuel Meaton,4,A,Term 2,16,28,21,64,55,184,500,36.8,Pass
S433,Nichol Ellery,2,B,Term 1,50,18,39,27,72,206,500,41.2,Pass
S290,Herold Schechter,2,B,Term 2,29,72,37,25,47,210,500,42,Pass
S953,Ly Rust,2,A,Term 2,49,94,45,96,54,338,500,67.6,Pass
S454,Hedwig Serle,11,A,Term 1,75,79,83,35,56,328,500,65.6,Pass
S551,Mal Livingstone,10,A,Term 1,64,20,82,69,82,317,500,63.4,Pass
S560,Normand Peirson,5,A,Term 1,85,36,60,57,49,287,500,57.4,Pass
S370,Winny Drinkel,9,A,Term 1,64,36,47,26,59,232,500,46.4,Pass
S716,Andie Dupey,8,B,Term 1,49,58,94,27,45,273,500,54.6,Pass
S795,Nichols Inge,2,B,Term 1,87,35,88,40,32,282,500,56.4,Pass
S173,Fiona Gilliver,8,A,Term 1,39,84,44,78,68,313,500,62.6,Pass
S159,Tami Naisbitt,11,A,Term 2,87,89,77,31,65,349,500,69.8,Pass
S766,Shaun Samways,3,A,Term 2,25,90,61,79,82,337,500,67.4,Pass
S112,Ash Stuehmeier,11,A,Term 2,85,77,60,85,57,364,500,72.8,Pass
S323,Maible Fosbraey,1,B,Term 2,62,68,99,83,23,335,500,67,Pass
S329,Gwenore Kellegher,1,B,Term 1,54,77,19,48,66,264,500,52.8,Pass
S834,Leonardo Sperski,4,A,Term 1,40,36,99,48,47,270,500,54,Pass
S992,Ricki Rodgerson,2,B,Term 2,23,95,30,64,69,281,500,56.2,Pass
S027,Valina Firmager,7,B,Term 2,30,23,53,40,52,198,500,39.6,Pass
S613,Dulcy Jurkowski,2,A,Term 2,77,59,76,37,94,343,500,68.6,Pass
S004,Whitman Checcuzzi,1,B,Term 2,58,90,57,34,64,303,500,60.6,Pass
S218,Montgomery Sagerson,8,A,Term 2,30,81,73,25,49,258,500,51.6,Pass
S350,Marilin Sier,6,B,Term 2,66,44,50,94,40,294,500,58.8,Pass
S865,Renado Avon,2,B,Term 2,72,83,35,33,53,276,500,55.2,Pass
S216,Sorcha Coop,10,A,Term 1,80,25,99,68,69,341,500,68.2,Pass
S847,Ibrahim Kenwell,9,A,Term 1,87,83,59,21,76,326,500,65.2,Pass
S485,Harry Swalowe,5,A,Term 2,81,32,80,81,62,336,500,67.2,Pass
S889,Howey Fitchet,8,A,Term 2,31,36,36,93,46,242,500,48.4,Pass
S430,Catlin Rowena,11,B,Term 1,77,69,26,57,41,270,500,54,Pass
S277,Emelia Luchetti,1,B,Term 2,42,75,90,20,55,282,500,56.4,Pass
S449,Billy Iacovacci,3,A,Term 2,72,74,54,31,77,308,500,61.6,Pass
S474,Krissie Laxston,8,B,Term 2,65,57,41,84,68,315,500,63,Pass
S432,Viki Bond,11,A,Term 2,90,83,66,71,32,342,500,68.4,Pass
S926,Kaela Gaylard,12,B,Term 1,65,13,23,58,47,206,500,41.2,Pass
S102,Carroll Allred,1,A,Term 1,83,72,93,49,30,327,500,65.4,Pass
S001,Winny Crucitti,2,A,Term 1,20,57,80,37,44,238,500,47.6,Pass
S830,Larry Abson,4,A,Term 2,45,38,56,55,56,250,500,50,Pass
S010,Anthia Evamy,11,A,Term 2,51,90,41,82,27,291,500,58.2,Pass
S888,Eunice Fruen,2,B,Term 1,58,62,92,21,45,278,500,55.6,Pass
S897,Jermain Jelleman,8,B,Term 1,57,89,62,80,34,322,500,64.4,Pass
S716,Gardie Heads,4,A,Term 2,23,66,82,63,47,281,500,56.2,Pass
S465,Sonya Shenfisch,12,A,Term 2,53,79,71,55,36,294,500,58.8,Pass
S359,Rozalin Hulke,9,B,Term 2,53,47,97,59,51,307,500,61.4,Pass
S101,Weston O'Hannen,4,B,Term 1,72,31,38,31,42,214,500,42.8,Pass
S750,Gipsy Khalid,2,A,Term 2,14,53,36,48,77,228,500,45.6,Pass
S333,Northrup Windsor,1,A,Term 1,45,65,88,46,82,326,500,65.2,Pass
S092,Dedie Turn,3,A,Term 1,60,46,63,82,72,323,500,64.6,Pass
S542,Lurlene Winchcombe,11,B,Term 1,29,98,85,28,91,331,500,66.2,Pass
S675,Rodrigo Patterfield,11,A,Term 1,40,88,53,45,42,268,500,53.6,Pass
S902,Paton Upshall,5,A,Term 2,70,17,38,63,37,225,500,45,Pass
S533,Dacey Juan,10,B,Term 2,15,34,80,82,38,249,500,49.8,Pass
S687,Oralia Tilliards,7,B,Term 2,55,49,81,92,52,329,500,65.8,Pass
S364,Ricky Gildroy,5,A,Term 1,55,59,83,65,48,310,500,62,Pass
S624,Tessie Ferraretto,11,A,Term 2,41,89,92,48,23,293,500,58.6,Pass
S327,Hermina Clappson,3,B,Term 2,77,19,63,21,82,262,500,52.4,Pass
S531,Linnell Folonin,8,A,Term 2,73,88,62,96,72,391,500,78.2,Pass
S167,Randolf McNiven,4,A,Term 1,85,89,87,81,88,430,500,86,Pass
S592,Bernardine Bernardt,10,A,Term 2,78,56,60,62,49,305,500,61,Pass
S932,Sterling Ashfold,10,A,Term 1,86,87,31,80,59,343,500,68.6,Pass
S919,Myca Maybey,10,B,Term 1,54,96,99,55,68,372,500,74.4,Pass
S545,Dennison Batter,10,B,Term 1,46,29,43,58,23,199,500,39.8,Pass
S980,Olive Smeeton,5,B,Term 2,71,59,24,80,42,276,500,55.2,Pass
S441,Bonnie Stoad,11,B,Term 1,91,38,91,22,31,273,500,54.6,Pass
S877,Padraig Sey,6,B,Term 1,65,89,96,58,50,358,500,71.6,Pass
S080,Alonzo Bassilashvili,1,A,Term 2,66,82,38,41,70,297,500,59.4,Pass
S802,Cathleen Heustice,4,A,Term 1,68,61,47,80,62,318,500,63.6,Pass
S884,Ramonda Petricek,12,A,Term 1,61,56,44,95,55,311,500,62.2,Pass
S384,Nevins Puttock,2,B,Term 2,43,51,56,81,82,313,500,62.6,Pass
S873,Kennith Lyal,6,A,Term 1,45,73,83,22,39,262,500,52.4,Pass
S454,Benn Elcome,8,A,Term 2,54,51,72,59,36,272,500,54.4,Pass
S254,Bette-ann Keilloh,5,B,Term 1,80,66,48,23,95,312,500,62.4,Pass
S738,Sherm Keasey,6,B,Term 1,66,88,73,27,76,330,500,66,Pass
S765,Ivonne Iliff,12,B,Term 1,58,19,59,64,34,234,500,46.8,Pass
S598,Allin Peat,10,B,Term 1,43,30,58,63,27,221,500,44.2,Pass
S676,Kiel Gratton,8,B,Term 2,77,31,64,47,32,251,500,50.2,Pass
S315,Briney Cayton,2,B,Term 1,91,92,96,89,78,446,500,89.2,Pass
S318,Karole Gostyke,2,A,Term 1,95,87,25,29,46,282,500,56.4,Pass
S683,Bartram Letixier,2,B,Term 2,38,59,73,82,86,338,500,67.6,Pass
S537,Devon Kleiner,8,A,Term 1,74,93,41,39,23,270,500,54,Pass
S476,Danielle Westcarr,5,B,Term 2,45,67,53,67,50,282,500,56.4,Pass
S924,Gertrude Jepson,2,A,Term 2,79,77,84,26,34,300,500,60,Pass
S636,Errol Barnewall,1,A,Term 1,55,52,30,59,88,284,500,56.8,Pass
S055,Frederigo Hallawell,11,A,Term 2,96,87,73,61,27,344,500,68.8,Pass
S159,Anton Levings,10,B,Term 2,14,41,76,37,72,240,500,48,Pass
S716,Berkly Allcroft,3,A,Term 2,49,58,92,84,44,327,500,65.4,Pass
S622,Diane Thonger,4,B,Term 1,83,35,42,32,79,271,500,54.2,Pass
S791,Ailene Dericut,8,B,Term 1,49,65,35,65,89,303,500,60.6,Pass
S558,Stormy Curgenven,1,A,Term 1,16,42,89,32,61,240,500,48,Pass
S106,Nico Baumer,12,A,Term 2,83,97,98,81,54,413,500,82.6,Pass
S533,George Stihl,11,B,Term 1,71,79,46,58,94,348,500,69.6,Pass
S700,Robinetta Yushkin,7,A,Term 1,32,77,93,33,43,278,500,55.6,Pass
S369,Cissiee Marton,7,A,Term 2,65,29,96,45,64,299,500,59.8,Pass
S097,Viki Trank,11,A,Term 2,31,16,39,70,54,210,500,42,Pass
S006,Gradey O'Hagan,4,A,Term 1,30,18,56,28,36,168,500,33.6,Pass
S618,Bidget Spickett,2,A,Term 1,30,14,67,82,62,255,500,51,Pass
S307,Ira Bushel,1,A,Term 2,63,27,55,84,24,253,500,50.6,Pass
S400,Thekla Gallyon,3,B,Term 1,93,30,35,78,27,263,500,52.6,Pass
S234,Putnem Muddiman,9,B,Term 2,29,13,97,69,56,264,500,52.8,Pass
S356,Cindi Menzies,2,A,Term 1,59,91,45,97,80,372,500,74.4,Pass
S514,Carling Skokoe,11,B,Term 1,88,15,52,94,56,305,500,61,Pass
S673,Catherin Haverty,3,B,Term 1,33,36,81,40,30,220,500,44,Pass
S132,Nikolos Clarkin,11,B,Term 2,95,81,51,24,83,334,500,66.8,Pass
S372,Madella Curry,1,A,Term 1,81,13,28,54,25,201,500,40.2,Pass
S995,Olivier Degoe,8,A,Term 2,21,20,24,64,28,157,500,31.4,Fail
S887,Ede Honniebal,4,A,Term 1,31,95,73,60,62,321,500,64.2,Pass
S898,Batholomew Hallor,10,A,Term 1,87,91,22,67,79,346,500,69.2,Pass
S466,Ardenia Couttes,8,A,Term 2,74,79,28,47,23,251,500,50.2,Pass
S107,Morgen Pennini,8,B,Term 1,67,17,61,22,25,192,500,38.4,Pass
S230,Greggory Toope,7,B,Term 1,91,92,84,25,24,316,500,63.2,Pass
S506,Melesa Gillyatt,12,A,Term 2,69,64,79,81,95,388,500,77.6,Pass
S920,Olympe Moen,2,B,Term 1,17,33,49,97,94,290,500,58,Pass
S920,Sharity Sherrett,7,A,Term 2,20,73,83,34,88,298,500,59.6,Pass
S521,Rosa Manhood,12,A,Term 2,61,41,99,30,77,308,500,61.6,Pass
S269,Cly Giacomelli,10,A,Term 2,72,87,43,28,81,311,500,62.2,Pass
S205,Fitzgerald Tovey,4,B,Term 1,48,87,48,50,31,264,500,52.8,Pass
S960,Mufi Jonin,3,B,Term 2,78,82,86,55,83,384,500,76.8,Pass
S189,Norah Rieflin,7,B,Term 1,28,22,47,64,91,252,500,50.4,Pass
S763,Jeremie Bugdall,6,A,Term 2,77,95,33,75,81,361,500,72.2,Pass
S772,Andrus Wimpey,4,B,Term 1,49,42,99,46,81,317,500,63.4,Pass
S927,Candi Androlli,11,A,Term 1,57,65,52,58,95,327,500,65.4,Pass
S816,Ania Patriche,2,B,Term 1,74,33,38,87,91,323,500,64.6,Pass
S417,Welby Wallhead,8,B,Term 1,78,64,60,22,39,263,500,52.6,Pass
S524,Hazel Parrett,7,A,Term 1,98,40,63,69,75,345,500,69,Pass
S692,Rhoda Schachter,10,B,Term 2,79,94,56,71,29,329,500,65.8,Pass
S366,Jayson Dysart,10,B,Term 2,76,77,65,67,26,311,500,62.2,Pass
S833,Costanza Hadden,3,B,Term 2,16,49,85,64,48,262,500,52.4,Pass
S781,Walther Elion,11,A,Term 1,95,55,69,23,57,299,500,59.8,Pass
S984,Berta Blunderfield,7,B,Term 1,70,44,74,30,70,288,500,57.6,Pass
S659,Darrelle Dee,10,A,Term 1,31,65,41,74,30,241,500,48.2,Pass
S171,Debby Blunderfield,11,B,Term 2,41,43,57,31,61,233,500,46.6,Pass
S321,Ursuline Ramsted,2,B,Term 2,79,25,20,80,84,288,500,57.6,Pass
S813,Raven Pateman,6,B,Term 1,20,31,28,27,29,135,500,27,Fail
S300,Mavra Lyver,10,B,Term 2,32,46,37,24,83,222,500,44.4,Pass
S322,Gypsy Croot,11,B,Term 2,66,17,68,20,47,218,500,43.6,Pass
S582,Dee Breckon,3,B,Term 1,33,62,60,83,86,324,500,64.8,Pass
S176,Georgi Gouldsmith,1,A,Term 2,28,74,70,23,62,257,500,51.4,Pass
S401,Parrnell Lansdown,1,A,Term 1,17,58,21,76,72,244,500,48.8,Pass
S320,Michelina McMyler,4,A,Term 1,76,71,87,62,42,338,500,67.6,Pass
S937,Berti Ablett,12,A,Term 1,72,51,72,27,29,251,500,50.2,Pass
S602,Halsey Gloves,1,A,Term 2,16,78,84,36,59,273,500,54.6,Pass
S916,Karel Paudin,4,B,Term 2,98,44,91,35,77,345,500,69,Pass
S619,Emogene Tace,7,B,Term 2,40,81,62,49,47,279,500,55.8,Pass
S939,Filberte MacAlpine,7,A,Term 2,75,18,25,60,37,215,500,43,Pass
S349,Ara Ellam,5,B,Term 2,90,92,76,49,27,334,500,66.8,Pass
S297,Jamey Gibson,2,B,Term 2,40,84,71,74,92,361,500,72.2,Pass
S060,Nigel Fencott,10,B,Term 1,65,61,71,28,80,305,500,61,Pass
S999,Allyson Thewys,6,B,Term 2,76,26,87,44,44,277,500,55.4,Pass
S772,Hobart Jannex,5,A,Term 2,35,96,53,78,84,346,500,69.2,Pass
S960,Cristie Skeemer,5,A,Term 2,74,35,46,76,52,283,500,56.6,Pass
S395,Arlen McKnockiter,8,B,Term 1,44,24,82,34,86,270,500,54,Pass
S801,Seline Jewell,4,A,Term 1,89,85,30,57,86,347,500,69.4,Pass
S524,Cindra Ivanichev,1,B,Term 1,88,70,96,24,88,366,500,73.2,Pass
S284,Kania Rentcome,6,B,Term 2,61,12,83,57,53,266,500,53.2,Pass
S626,Anjela Riepl,11,B,Term 1,22,21,51,24,44,162,500,32.4,Fail
S390,Bernhard Kleiner,11,B,Term 1,15,47,65,24,24,175,500,35,Pass
S100,Chery Frohock,7,B,Term 1,32,38,28,23,48,169,500,33.8,Pass
S949,Ophelie Tomashov,8,A,Term 2,35,65,54,33,80,267,500,53.4,Pass
S206,Hal Skamell,2,B,Term 1,28,53,70,96,50,297,500,59.4,Pass
S493,Gabriell Linneman,10,B,Term 1,61,28,34,57,45,225,500,45,Pass
S153,Lorrie Ree,6,B,Term 2,15,66,79,25,84,269,500,53.8,Pass
S615,Josi Plomer,10,A,Term 2,32,40,68,77,86,303,500,60.6,Pass
S840,Jorrie Pioch,12,B,Term 1,53,65,20,59,63,260,500,52,Pass
S867,Linea Roseveare,5,B,Term 2,35,60,44,27,52,218,500,43.6,Pass
S189,Gweneth Kalisz,11,B,Term 2,55,53,31,75,73,287,500,57.4,Pass
S757,Roda Sunnex,7,A,Term 2,49,79,60,77,78,343,500,68.6,Pass
S428,Marilin Cortes,6,A,Term 1,73,84,84,78,89,408,500,81.6,Pass
S995,Kevan Scala,8,A,Term 1,47,59,99,41,30,276,500,55.2,Pass
S397,Milicent Cowser,12,A,Term 2,83,50,64,46,69,312,500,62.4,Pass
S139,Editha Legendre,8,B,Term 1,82,60,43,78,61,324,500,64.8,Pass
S464,Abel Quantrill,4,A,Term 2,71,30,54,90,93,338,500,67.6,Pass
S584,Jamie Wellsman,9,B,Term 1,48,77,63,91,43,322,500,64.4,Pass
S911,Winni Forstall,11,B,Term 2,85,57,53,62,48,305,500,61,Pass
S197,Patsy McNay,3,A,Term 2,91,22,37,68,54,272,500,54.4,Pass
S672,Leora Brislawn,9,B,Term 1,43,79,38,68,42,270,500,54,Pass
S065,Davey Stenton,5,A,Term 2,64,95,43,75,30,307,500,61.4,Pass
S189,Wash Ehlerding,10,B,Term 2,76,18,53,59,86,292,500,58.4,Pass
S376,Morey Fairhall,1,A,Term 1,60,93,81,88,65,387,500,77.4,Pass
S317,Maddy Gouldsmith,6,B,Term 1,52,40,34,31,57,214,500,42.8,Pass
S353,Cahra Brend,6,A,Term 2,97,81,70,43,25,316,500,63.2,Pass
S371,Bancroft Bousler,4,A,Term 2,37,51,18,52,72,230,500,46,Pass
S653,Jordain Kosel,5,A,Term 2,48,65,34,39,53,239,500,47.8,Pass
S106,Debi Mingay,6,B,Term 1,54,86,85,54,66,345,500,69,Pass
S471,Stanislaw Marzele,3,B,Term 2,34,56,94,67,37,288,500,57.6,Pass
S279,Randi Carlow,3,A,Term 2,62,97,36,35,95,325,500,65,Pass
S833,Sancho Kondratovich,11,A,Term 1,97,55,67,45,72,336,500,67.2,Pass
S413,Angy Walling,11,B,Term 1,24,45,87,88,35,279,500,55.8,Pass
S894,Joelle Fossett,11,B,Term 1,37,33,37,80,65,252,500,50.4,Pass
S617,Camey Rider,10,A,Term 2,97,57,71,49,41,315,500,63,Pass
S447,Otha Romi,6,A,Term 2,74,53,36,44,29,236,500,47.2,Pass
S713,Sander Kellet,9,B,Term 2,68,48,49,81,49,295,500,59,Pass
S506,Gawain Trent,3,A,Term 2,48,21,98,82,94,343,500,68.6,Pass
S294,Dyann Aim,8,A,Term 2,48,29,51,57,59,244,500,48.8,Pass
S162,Cordie Treswell,1,A,Term 2,67,19,35,42,23,186,500,37.2,Pass
S368,Georgiana Shields,2,B,Term 1,22,96,73,81,27,299,500,59.8,Pass
S865,Valera Dofty,4,A,Term 2,16,89,59,62,36,262,500,52.4,Pass
S167,Raddy Harle,6,B,Term 2,41,71,34,62,95,303,500,60.6,Pass
S620,Hayes Kingerby,8,B,Term 1,21,47,89,31,59,247,500,49.4,Pass
S952,Godfree Blakelock,10,A,Term 1,69,47,99,79,27,321,500,64.2,Pass
S790,Monah Espinal,7,B,Term 1,64,94,94,21,28,301,500,60.2,Pass
S918,Chrysler Trippack,4,A,Term 1,50,95,46,51,79,321,500,64.2,Pass
S114,Desirae Friman,9,A,Term 1,41,83,97,64,46,331,500,66.2,Pass
S261,Darline Leveret,11,A,Term 2,85,48,51,47,86,317,500,63.4,Pass
S169,Avrit McGiff,6,B,Term 1,22,69,95,70,26,282,500,56.4,Pass
S999,Neely Leggen,11,B,Term 2,53,20,48,76,72,269,500,53.8,Pass
S062,Lionello Jopp,1,B,Term 1,87,34,49,77,74,321,500,64.2,Pass
S292,Micah Ricold,2,A,Term 2,46,46,54,70,83,299,500,59.8,Pass
S699,Arne Streeten,6,B,Term 2,57,19,91,57,32,256,500,51.2,Pass
S139,Kasey Houseago,9,B,Term 1,80,98,95,73,59,405,500,81,Pass
S864,Callean Jeromson,5,B,Term 1,15,83,71,78,28,275,500,55,Pass
S852,Claribel Catlin,1,A,Term 1,26,45,78,44,61,254,500,50.8,Pass
S027,Care Allett,12,A,Term 2,23,59,67,20,32,201,500,40.2,Pass
S801,Rudiger Prahm,5,B,Term 1,54,55,53,61,47,270,500,54,Pass
S383,Iona Belbin,9,B,Term 2,65,19,79,45,33,241,500,48.2,Pass
S255,Kerry McCoveney,4,A,Term 1,49,63,70,88,87,357,500,71.4,Pass
S345,Maitilde Garratt,3,A,Term 2,72,56,42,85,44,299,500,59.8,Pass
S888,Sydelle Dax,11,B,Term 2,38,73,26,28,44,209,500,41.8,Pass
S084,Noland Smithson,2,B,Term 1,26,49,56,65,65,261,500,52.2,Pass
S573,Adiana Callacher,4,A,Term 1,92,76,52,87,44,351,500,70.2,Pass
S744,Ailee Hinken,11,B,Term 1,57,66,49,93,38,303,500,60.6,Pass
S792,Car Kenefick,8,B,Term 1,76,13,22,83,94,288,500,57.6,Pass
S528,Townie Bernaldez,12,A,Term 1,89,71,95,51,83,389,500,77.8,Pass
S019,Floria Gilroy,5,A,Term 2,67,12,43,46,82,250,500,50,Pass
S020,Vittorio Braddon,6,B,Term 1,31,87,88,77,28,311,500,62.2,Pass
S731,Marna Yitzovicz,4,B,Term 1,57,43,80,38,38,256,500,51.2,Pass
S574,Kial Bolley,10,B,Term 2,58,43,80,22,36,239,500,47.8,Pass
S704,Fifi Gunston,6,A,Term 1,76,47,60,34,23,240,500,48,Pass
S618,Cathyleen Payze,2,A,Term 2,68,97,95,58,45,363,500,72.6,Pass
S516,Orly Moxstead,3,B,Term 2,77,71,35,79,25,287,500,57.4,Pass
S995,Arie Jell,10,B,Term 2,17,81,64,87,90,339,500,67.8,Pass
S461,Catherina Bummfrey,6,B,Term 1,21,24,45,26,95,211,500,42.2,Pass
S553,Andre Ashfold,2,A,Term 1,82,19,30,26,43,200,500,40,Pass
S245,Willa Roseburgh,9,A,Term 1,19,26,64,29,64,202,500,40.4,Pass
S741,Maynard Pfeiffer,8,A,Term 2,48,59,89,74,93,363,500,72.6,Pass
S871,Pancho Teaz,5,A,Term 1,17,93,42,81,66,299,500,59.8,Pass
S950,Annamarie Botting,6,B,Term 1,28,66,43,65,80,282,500,56.4,Pass
S369,Tanhya Tippell,7,B,Term 2,69,71,63,49,91,343,500,68.6,Pass
S909,Lynn Guerola,2,B,Term 1,78,84,67,95,45,369,500,73.8,Pass
S504,Robby Schrieves,4,B,Term 2,16,78,48,25,72,239,500,47.8,Pass
S333,Jasen Nendick,3,B,Term 1,59,40,20,68,88,275,500,55,Pass
S767,Beaufort Strahan,12,A,Term 1,87,61,47,80,38,313,500,62.6,Pass
S436,Geoff Earney,6,A,Term 1,20,98,87,89,33,327,500,65.4,Pass
S758,Clerkclaude McGannon,5,A,Term 2,26,17,57,43,42,185,500,37,Pass
S232,Bastian Tomasino,5,A,Term 1,51,95,88,37,37,308,500,61.6,Pass
S930,Dani Maughan,7,A,Term 2,63,72,75,93,42,345,500,69,Pass
S135,Anatole Studdard,9,A,Term 1,44,85,90,94,44,357,500,71.4,Pass
S101,Madelina Gero,11,A,Term 2,85,82,59,61,41,328,500,65.6,Pass
S859,Caterina Legh,5,B,Term 2,83,55,35,56,44,273,500,54.6,Pass
S455,Valeria MacPhee,5,B,Term 2,25,96,35,31,29,216,500,43.2,Pass
S404,Bay Radbone,1,B,Term 2,77,63,23,52,49,264,500,52.8,Pass
S619,Tabb Kyffin,10,B,Term 1,31,88,97,38,56,310,500,62,Pass
S694,Kania Sliman,8,A,Term 2,84,56,75,22,32,269,500,53.8,Pass
S999,Niki Merriman,9,A,Term 1,44,61,68,86,83,342,500,68.4,Pass
S268,Shay Arnholtz,8,B,Term 2,82,32,65,89,48,316,500,63.2,Pass
S694,Coriss Carleton,6,B,Term 1,42,40,32,26,45,185,500,37,Pass
S351,Nathanael Klampk,2,B,Term 1,40,68,97,43,49,297,500,59.4,Pass
S865,Martino Koppen,7,A,Term 2,80,56,77,81,82,376,500,75.2,Pass
S559,Kale Ingraham,3,A,Term 1,27,34,78,92,41,272,500,54.4,Pass
S054,Steffie Boost,4,A,Term 1,87,66,33,34,81,301,500,60.2,Pass
S760,Kacie Pleuman,12,B,Term 2,61,23,43,42,30,199,500,39.8,Pass
S500,Vale Glaisner,6,A,Term 2,30,45,67,59,52,253,500,50.6,Pass
S797,Gawain Bullivant,6,A,Term 1,98,55,81,26,62,322,500,64.4,Pass
S676,Ferguson Azam,11,B,Term 2,66,68,65,38,42,279,500,55.8,Pass
S921,Brittany Kirkland,4,A,Term 1,15,76,94,48,68,301,500,60.2,Pass
S070,Manon Poynzer,6,A,Term 1,40,71,65,48,90,314,500,62.8,Pass
S241,Alys Mackrell,4,A,Term 2,50,89,71,69,92,371,500,74.2,Pass
S201,Anjanette Cocker,3,A,Term 1,50,27,78,78,88,321,500,64.2,Pass
S775,Robena Luesley,8,B,Term 2,83,75,74,23,74,329,500,65.8,Pass
S152,Aron Ginnaly,2,A,Term 2,67,86,22,26,76,277,500,55.4,Pass
S530,Jenilee Godbold,3,A,Term 2,81,85,28,82,35,311,500,62.2,Pass
S625,Adrianna Measor,6,B,Term 2,58,39,80,47,87,311,500,62.2,Pass
S161,Laney Caraher,3,A,Term 2,24,69,42,23,94,252,500,50.4,Pass
S117,Rupert Chape,1,B,Term 2,79,50,58,92,93,372,500,74.4,Pass
S675,Rance Sidebotton,9,A,Term 2,59,97,57,59,91,363,500,72.6,Pass
S612,Delphinia Crayden,2,A,Term 2,16,25,23,51,50,165,500,33,Pass
S335,Joachim Marde,1,A,Term 1,49,67,22,82,59,279,500,55.8,Pass
S712,Darsie Meharg,7,B,Term 1,34,19,63,93,90,299,500,59.8,Pass
S238,Galina Tertre,4,B,Term 2,66,28,62,57,93,306,500,61.2,Pass
S909,Bernadina Lenthall,8,B,Term 2,74,96,35,78,78,361,500,72.2,Pass
S345,Koren Travis,3,A,Term 1,41,27,58,90,29,245,500,49,Pass
S949,Morris Flintoffe,3,B,Term 1,50,43,58,61,70,282,500,56.4,Pass
S251,Marys Oiseau,9,B,Term 2,53,74,50,29,47,253,500,50.6,Pass
S066,Tallie Bruneau,7,A,Term 2,75,46,44,65,83,313,500,62.6,Pass
S101,Doloritas Bearsmore,4,B,Term 1,84,30,32,73,92,311,500,62.2,Pass
S650,Hanni Emmines,2,A,Term 2,67,26,52,50,52,247,500,49.4,Pass
S686,Harriet Berceros,5,B,Term 1,52,75,30,20,92,269,500,53.8,Pass
S015,Chilton Gallagher,8,B,Term 2,30,26,58,71,47,232,500,46.4,Pass
S908,Kevyn Bourchier,9,B,Term 1,94,42,60,30,59,285,500,57,Pass
S259,Louise Sangwin,9,B,Term 2,61,60,43,92,34,290,500,58,Pass
S661,Halsy McGarrell,12,B,Term 1,94,29,62,23,51,259,500,51.8,Pass
S872,Kalil Bumphries,2,B,Term 2,73,90,84,33,58,338,500,67.6,Pass
S836,Felipe Ingarfill,11,A,Term 1,43,38,66,72,94,313,500,62.6,Pass
S546,Hilario Duchateau,1,A,Term 1,47,88,37,51,39,262,500,52.4,Pass
S525,Hildegaard Slocomb,10,A,Term 2,70,98,66,32,49,315,500,63,Pass
S064,Valentia Tombleson,10,B,Term 1,59,69,70,33,90,321,500,64.2,Pass
S519,Simone Bryning,11,A,Term 2,83,42,84,34,61,304,500,60.8,Pass
S724,Pepita Aronovitz,12,B,Term 1,45,33,77,88,78,321,500,64.2,Pass
S329,Nahum Pill,5,A,Term 1,71,16,56,74,42,259,500,51.8,Pass
S707,Swen Klassman,5,B,Term 1,55,93,65,38,83,334,500,66.8,Pass
S761,Dorolisa Ortega,1,B,Term 1,53,36,55,78,89,311,500,62.2,Pass
S013,Tammy Wilkowski,5,A,Term 2,40,79,45,91,73,328,500,65.6,Pass
S707,Vannie Hacun,2,B,Term 1,28,52,36,54,31,201,500,40.2,Pass
S864,Bron Ronaghan,1,A,Term 1,61,86,59,61,57,324,500,64.8,Pass
S014,Benyamin Brame,8,B,Term 2,58,43,81,64,42,288,500,57.6,Pass
S727,Fernandina Mc Cahey,6,A,Term 1,71,41,63,64,46,285,500,57,Pass
S436,Ariadne Foottit,5,B,Term 1,57,93,96,23,35,304,500,60.8,Pass
S446,Sydney Coraini,2,B,Term 1,74,56,22,64,65,281,500,56.2,Pass
S594,Charlotta Juett,5,A,Term 1,76,27,35,54,81,273,500,54.6,Pass
S392,Cris Rillatt,8,B,Term 2,66,40,60,58,69,293,500,58.6,Pass
S932,Sandra Dillingstone,10,A,Term 2,39,62,55,61,56,273,500,54.6,Pass
S035,Greg De Bell,1,A,Term 2,63,89,18,89,40,299,500,59.8,Pass
S509,Dela Moulder,6,B,Term 2,98,77,37,41,26,279,500,55.8,Pass
S845,Clerissa Sherrell,4,A,Term 2,58,70,53,42,68,291,500,58.2,Pass
S017,Sim Clappson,6,A,Term 2,34,24,52,77,29,216,500,43.2,Pass
S347,Juliet Le Huquet,12,A,Term 1,94,81,71,81,26,353,500,70.6,Pass
S002,Carney Crepel,5,A,Term 1,94,73,25,82,39,313,500,62.6,Pass
S343,Lura Waight,1,B,Term 1,67,46,62,54,90,319,500,63.8,Pass
S594,Brendan Learmonth,2,B,Term 2,43,86,78,33,37,277,500,55.4,Pass
S332,Merralee Greenalf,11,B,Term 2,74,61,51,83,84,353,500,70.6,Pass
S781,Adolphus Gath,6,B,Term 1,60,96,58,94,58,366,500,73.2,Pass
S924,Lorette Goodricke,1,B,Term 1,83,17,75,35,65,275,500,55,Pass
S477,Lia Kupke,12,A,Term 1,25,19,40,38,31,153,500,30.6,Fail
S832,Star Alkin,3,B,Term 2,45,70,36,79,77,307,500,61.4,Pass
S111,Francisco Skiplorne,8,A,Term 1,43,84,58,35,63,283,500,56.6,Pass
S769,Ellie Feeny,1,B,Term 1,57,93,33,62,30,275,500,55,Pass
S344,Ophelia McCarney,10,B,Term 2,76,75,19,79,30,279,500,55.8,Pass
S865,Melania Stooke,11,A,Term 2,71,82,66,29,50,298,500,59.6,Pass
S086,Rutledge Bielby,4,A,Term 2,74,49,23,84,78,308,500,61.6,Pass
S626,Gare Wishart,2,B,Term 2,69,63,81,63,82,358,500,71.6,Pass
S192,Domenico Vallentin,6,A,Term 1,70,45,32,37,83,267,500,53.4,Pass
S458,Fredi Norvel,1,A,Term 1,42,78,48,31,95,294,500,58.8,Pass
S034,Paule Bootman,10,A,Term 2,16,15,27,36,62,156,500,31.2,Fail
S279,Laird Swapp,8,B,Term 2,93,57,40,23,93,306,500,61.2,Pass
S887,Daphne Sowrah,6,A,Term 2,83,55,81,25,76,320,500,64,Pass
S854,Giulio Savory,11,B,Term 2,45,66,63,57,27,258,500,51.6,Pass
S714,Cos Duligal,7,B,Term 2,84,59,97,35,94,369,500,73.8,Pass
S377,Emmalyn Vandenhoff,3,B,Term 1,77,63,39,52,94,325,500,65,Pass
S399,Grazia Futcher,11,A,Term 1,76,14,76,74,74,314,500,62.8,Pass
S006,Selby Eneas,4,B,Term 1,73,56,26,31,72,258,500,51.6,Pass
S853,Lou Mallon,6,B,Term 2,92,24,71,29,32,248,500,49.6,Pass
S506,Mame Esmead,6,A,Term 1,57,39,42,42,26,206,500,41.2,Pass
S694,Myrilla Mealand,2,B,Term 1,72,34,66,30,45,247,500,49.4,Pass
S298,Ashbey McClelland,9,A,Term 2,21,26,58,41,50,196,500,39.2,Pass
S280,Gian Shambrook,10,A,Term 1,27,93,96,43,67,326,500,65.2,Pass
S085,Virginia Fosten,5,A,Term 2,46,16,40,94,52,248,500,49.6,Pass
S925,Kristos Simkiss,6,A,Term 2,56,39,38,64,78,275,500,55,Pass
S221,Stu Olensby,12,A,Term 1,94,13,50,20,24,201,500,40.2,Pass
S422,Genni Martina,10,A,Term 1,45,33,92,46,48,264,500,52.8,Pass
S852,York Feldbau,10,A,Term 2,71,65,88,39,89,352,500,70.4,Pass
S477,Garey Rosendorf,1,A,Term 1,46,75,62,86,68,337,500,67.4,Pass
S423,Elke Halms,2,B,Term 1,78,81,18,27,94,298,500,59.6,Pass
S917,Marlo Chevins,5,B,Term 1,60,22,39,76,45,242,500,48.4,Pass
S983,Damian Golt,11,B,Term 1,43,19,35,39,64,200,500,40,Pass
S954,Devan Tompsett,10,A,Term 2,24,72,19,65,32,212,500,42.4,Pass
S957,Daisy Gerrill,7,B,Term 2,42,27,26,97,95,287,500,57.4,Pass
S711,Alayne Elvish,9,B,Term 2,73,75,87,33,56,324,500,64.8,Pass
S388,Annelise Sultana,9,A,Term 2,26,56,42,60,77,261,500,52.2,Pass
S804,Jenn Chezier,5,B,Term 1,69,81,32,60,61,303,500,60.6,Pass
S831,Bobette O'Hdirscoll,12,A,Term 1,55,42,21,47,53,218,500,43.6,Pass
S782,Floyd De Luna,7,A,Term 1,54,32,29,67,23,205,500,41,Pass
S519,Milzie Beaconsall,3,B,Term 1,23,93,75,64,60,315,500,63,Pass
S288,Phoebe Menzies,5,A,Term 2,92,36,91,65,53,337,500,67.4,Pass
S726,Stewart Hunter,7,B,Term 2,69,92,91,97,92,441,500,88.2,Pass
S702,Elle Jewess,11,B,Term 2,56,40,88,75,71,330,500,66,Pass
S092,Teodoor Risbridge,9,B,Term 2,87,21,24,22,43,197,500,39.4,Pass
S246,Gale St Louis,10,A,Term 2,67,58,74,80,24,303,500,60.6,Pass
S393,Mylo Luis,1,A,Term 2,46,23,87,21,70,247,500,49.4,Pass
S660,Essa Faragher,8,A,Term 2,98,90,49,65,53,355,500,71,Pass
S350,Gustavus Duerden,10,B,Term 2,69,20,71,23,67,250,500,50,Pass
S534,Ivie Primett,3,A,Term 1,88,77,60,88,74,387,500,77.4,Pass
S203,Clayson Butting,3,A,Term 1,72,28,63,40,57,260,500,52,Pass
S447,Felicle Gurley,2,A,Term 2,61,73,74,46,70,324,500,64.8,Pass
S382,Alphonse Surby,10,B,Term 1,48,88,41,32,93,302,500,60.4,Pass
S951,Ilyssa Pollard,9,A,Term 1,98,71,73,35,66,343,500,68.6,Pass
S717,Constantin Ladds,9,B,Term 1,27,58,25,50,92,252,500,50.4,Pass
S263,Chalmers Skyme,9,B,Term 1,80,34,70,73,37,294,500,58.8,Pass
S717,Adore Wait,4,A,Term 1,76,92,62,93,73,396,500,79.2,Pass
S102,Karon Haville,5,A,Term 1,96,89,72,69,24,350,500,70,Pass
S153,Hermie Ullrich,7,A,Term 1,74,90,58,92,59,373,500,74.6,Pass
S030,Tybi Schwandermann,8,A,Term 2,37,33,75,74,83,302,500,60.4,Pass
S902,Jenilee Daddow,1,B,Term 1,41,32,97,30,35,235,500,47,Pass
S954,Claudio Oxenden,6,A,Term 2,29,85,75,85,62,336,500,67.2,Pass
S478,Patrizio Vannuchi,8,A,Term 1,24,48,53,89,47,261,500,52.2,Pass
S419,Warren Kirman,5,A,Term 1,25,86,76,26,49,262,500,52.4,Pass
S001,Mano O' Mullan,6,B,Term 2,85,45,57,27,59,273,500,54.6,Pass
S368,Kata Chomiszewski,3,A,Term 2,58,30,80,34,94,296,500,59.2,Pass
S444,Bat Hamlington,12,B,Term 2,73,48,63,32,33,249,500,49.8,Pass
S793,Arlyn Nardoni,5,A,Term 2,38,59,33,77,86,293,500,58.6,Pass
S254,Clark Biaggetti,6,B,Term 2,88,46,55,96,43,328,500,65.6,Pass
S217,Anya Assard,11,B,Term 1,44,62,28,79,44,257,500,51.4,Pass
S095,Artus Saltsberg,1,A,Term 2,92,20,22,83,25,242,500,48.4,Pass
S305,Hilly Edgworth,4,A,Term 1,55,14,70,78,91,308,500,61.6,Pass
S939,Levin Summerhayes,11,B,Term 2,61,31,18,58,88,256,500,51.2,Pass
S819,Viviana Bumpus,9,A,Term 2,49,97,32,93,24,295,500,59,Pass
S870,Abraham Fatscher,6,A,Term 2,28,74,87,23,27,239,500,47.8,Pass
S907,Leonerd Donke,5,A,Term 2,77,43,55,40,36,251,500,50.2,Pass
S657,Godfry Blouet,4,B,Term 1,49,58,24,91,35,257,500,51.4,Pass
S316,Whittaker Ilbert,8,A,Term 1,17,98,75,49,75,314,500,62.8,Pass
S645,Norton Larmet,11,B,Term 2,76,24,73,34,69,276,500,55.2,Pass
S526,Xylia Antonellini,6,A,Term 2,46,44,83,82,72,327,500,65.4,Pass
S470,Beth Littlejohns,12,B,Term 1,61,36,73,64,54,288,500,57.6,Pass
S361,Nilson Gaskin,10,B,Term 1,87,30,85,81,42,325,500,65,Pass
S265,Kayle Mogg,8,A,Term 1,45,84,26,86,82,323,500,64.6,Pass
S292,Analise Colter,1,A,Term 1,84,81,65,79,63,372,500,74.4,Pass
S972,Fraser Jancy,7,A,Term 2,49,36,65,85,65,300,500,60,Pass
S074,Bree Cabedo,10,A,Term 2,24,28,96,84,41,273,500,54.6,Pass
S439,Kristofor Schwant,5,B,Term 2,58,75,79,28,49,289,500,57.8,Pass
S211,Langsdon Ilyas,4,A,Term 2,63,30,37,94,37,261,500,52.2,Pass
S560,Elayne Shakelady,11,B,Term 1,24,14,89,84,87,298,500,59.6,Pass
S549,Olivier Davidovits,12,A,Term 1,26,66,27,63,77,259,500,51.8,Pass
S814,Lexis Playle,8,B,Term 1,68,70,23,58,65,284,500,56.8,Pass
S330,Rolf Fogt,11,B,Term 1,87,53,78,97,50,365,500,73,Pass
S151,Elenore Menego,9,A,Term 2,52,20,75,75,88,310,500,62,Pass
S743,Curry McNellis,11,B,Term 1,44,29,62,44,48,227,500,45.4,Pass
S006,Angelo Gietz,5,A,Term 2,43,32,36,91,53,255,500,51,Pass
S191,Adaline Laba,6,B,Term 2,69,38,85,27,49,268,500,53.6,Pass
S461,Gwenny Parks,10,B,Term 2,98,74,61,37,40,310,500,62,Pass
S336,Vaughn Hatchette,6,B,Term 1,44,96,44,50,31,265,500,53,Pass
S119,Lory Sudworth,9,B,Term 1,82,82,41,27,82,314,500,62.8,Pass
S412,Heywood Lukins,10,A,Term 1,55,44,96,22,25,242,500,48.4,Pass
S808,Howie Galton,5,B,Term 1,21,30,28,94,51,224,500,44.8,Pass
S709,Delores Charlet,11,A,Term 2,52,65,99,54,78,348,500,69.6,Pass
S971,Eada Theml,8,A,Term 2,95,96,83,84,30,388,500,77.6,Pass
S545,Taite Lillecrap,1,A,Term 2,50,40,38,91,78,297,500,59.4,Pass
S111,Katina Caldicott,2,A,Term 2,64,24,40,20,35,183,500,36.6,Pass
S845,Leighton Impett,4,A,Term 1,34,27,88,71,73,293,500,58.6,Pass
S285,Steven Glave,5,B,Term 2,19,21,40,51,86,217,500,43.4,Pass
S743,Michell Kingaby,10,A,Term 1,40,65,45,23,74,247,500,49.4,Pass
S818,Annora Greschke,1,B,Term 2,41,47,43,62,86,279,500,55.8,Pass
S055,Rooney Alliban,1,B,Term 2,43,19,93,67,94,316,500,63.2,Pass
S678,Norman Puddephatt,12,B,Term 1,55,54,45,50,79,283,500,56.6,Pass
S644,Herminia Vasler,10,A,Term 1,75,44,54,67,78,318,500,63.6,Pass
S891,Thain Booty,10,B,Term 2,81,73,62,53,50,319,500,63.8,Pass
S401,Roby Dottrell,7,B,Term 1,16,52,49,48,62,227,500,45.4,Pass
S078,Malvina Hucknall,5,A,Term 2,69,31,37,54,52,243,500,48.6,Pass
S730,Terence Stelfox,6,A,Term 2,52,73,30,85,64,304,500,60.8,Pass
S314,Angelle Rudolfer,10,B,Term 2,74,12,75,57,86,304,500,60.8,Pass
S707,Bronson Greasley,6,B,Term 2,28,53,89,29,64,263,500,52.6,Pass
S822,Kathrine Gourley,9,B,Term 1,50,44,41,63,43,241,500,48.2,Pass
S968,Katina Ilyenko,6,B,Term 1,20,33,74,44,55,226,500,45.2,Pass
S206,Doug Cropper,7,B,Term 1,18,85,98,60,77,338,500,67.6,Pass
S454,Barron Alekseicik,11,B,Term 1,36,42,55,56,88,277,500,55.4,Pass
S250,Shea Tweedell,5,B,Term 1,59,12,47,35,63,216,500,43.2,Pass
S937,Mireille Tomaszewski,11,B,Term 1,96,43,55,30,76,300,500,60,Pass
S506,Pall Astlett,8,B,Term 1,53,86,45,36,92,312,500,62.4,Pass
S093,Josselyn Greste,1,A,Term 2,55,40,92,63,64,314,500,62.8,Pass
S519,Cris Von Oertzen,10,A,Term 2,44,24,59,86,61,274,500,54.8,Pass
S973,Lay Kennedy,1,B,Term 2,52,14,60,35,46,207,500,41.4,Pass
S107,Sol Hallbord,8,B,Term 1,72,69,28,74,40,283,500,56.6,Pass
S497,Rad Leither,10,B,Term 1,61,73,49,61,38,282,500,56.4,Pass
S649,Lauralee Pottes,12,B,Term 2,50,33,85,56,82,306,500,61.2,Pass
S292,Lenette Hammerstone,11,B,Term 1,59,77,79,74,85,374,500,74.8,Pass
S890,Virgina Van't Hoff,1,A,Term 1,68,85,58,74,95,380,500,76,Pass
S593,Wynn Balmann,3,B,Term 1,58,83,91,93,54,379,500,75.8,Pass
S921,Corinne Ferran,11,B,Term 1,27,79,37,20,30,193,500,38.6,Pass
S127,Michel Facer,5,B,Term 2,75,46,39,55,70,285,500,57,Pass
S206,Winn Partington,7,B,Term 2,66,29,94,80,68,337,500,67.4,Pass
S597,Guinna Wark,1,A,Term 2,16,93,67,56,46,278,500,55.6,Pass
S009,Krystal Sandeson,11,B,Term 2,15,64,25,81,44,229,500,45.8,Pass
S420,Cinderella Fry,6,A,Term 1,48,77,59,92,87,363,500,72.6,Pass
S144,Trenna Thornewell,7,A,Term 1,31,36,90,79,88,324,500,64.8,Pass
S256,Florian Jellico,8,A,Term 2,91,54,69,28,28,270,500,54,Pass
S425,Cazzie Kaiser,8,B,Term 1,66,87,20,57,86,316,500,63.2,Pass
S869,Genny Hucknall,8,A,Term 1,85,95,89,80,47,396,500,79.2,Pass
S948,Townie Ogilby,1,B,Term 2,44,68,59,32,82,285,500,57,Pass
S280,Theresa Russi,10,B,Term 2,91,27,98,77,35,328,500,65.6,Pass
S427,Mickey Hankard,8,A,Term 2,72,71,68,68,48,327,500,65.4,Pass
S803,Dion Khristoforov,8,B,Term 1,38,71,66,29,37,241,500,48.2,Pass
S309,Nickola Fruchter,11,B,Term 1,55,24,44,94,33,250,500,50,Pass
S404,Regen Ghilardini,1,B,Term 1,93,85,21,50,36,285,500,57,Pass
S551,Clare Merrison,9,A,Term 2,52,50,37,89,53,281,500,56.2,Pass
S150,Vyky Vatcher,4,B,Term 2,82,76,93,51,83,385,500,77,Pass
S419,Leslie McGrail,6,B,Term 1,17,93,66,54,53,283,500,56.6,Pass
S387,Xylia Whitworth,3,B,Term 1,20,22,77,93,50,262,500,52.4,Pass
S980,Towney Gaynsford,1,A,Term 2,79,35,62,71,53,300,500,60,Pass
S702,Anne-marie Southward,10,A,Term 2,46,81,51,23,89,290,500,58,Pass
S048,Emlyn Spirritt,10,A,Term 2,20,71,30,36,29,186,500,37.2,Pass
S437,Babb Colleer,12,B,Term 2,92,58,54,86,73,363,500,72.6,Pass
S749,Beatrisa Privett,7,B,Term 2,58,15,88,58,66,285,500,57,Pass
S641,Granthem Smyth,11,B,Term 1,37,12,73,42,72,236,500,47.2,Pass
S379,Julienne Amsden,7,B,Term 2,64,81,93,72,79,389,500,77.8,Pass
S952,Stormie Colcomb,11,A,Term 1,97,58,23,20,77,275,500,55,Pass
S712,Aindrea Hazell,3,A,Term 1,72,65,56,71,79,343,500,68.6,Pass
S474,Anett Dowdam,9,B,Term 1,66,29,57,35,25,212,500,42.4,Pass
S010,Yvon Agglione,7,A,Term 1,20,46,45,86,89,286,500,57.2,Pass
S049,Mauricio Goodship,9,A,Term 1,58,47,43,85,69,302,500,60.4,Pass
S728,Vinny Coucher,1,A,Term 1,27,55,96,37,79,294,500,58.8,Pass
S134,Alethea Dysert,7,B,Term 1,29,90,59,81,67,326,500,65.2,Pass
S055,Yovonnda Mackerness,7,B,Term 1,25,81,73,49,86,314,500,62.8,Pass
S973,Alistair Dockery,8,A,Term 2,29,19,40,92,59,239,500,47.8,Pass
S045,Reginald Shooter,8,A,Term 1,88,23,87,51,52,301,500,60.2,Pass
S195,Caroljean Avramow,5,A,Term 2,40,29,65,30,50,214,500,42.8,Pass
S452,Daryl Eliyahu,10,A,Term 2,23,85,64,73,87,332,500,66.4,Pass
S226,Griz Cupitt,10,A,Term 2,32,15,81,76,29,233,500,46.6,Pass
S468,Judie Hovie,3,B,Term 1,81,46,83,61,83,354,500,70.8,Pass
S500,Edeline McGuff,8,A,Term 1,17,21,79,80,80,277,500,55.4,Pass
S703,Jerrine Langstone,8,B,Term 1,17,85,65,31,51,249,500,49.8,Pass
S186,Perla Magill,3,A,Term 1,67,15,90,78,71,321,500,64.2,Pass
S638,Sheelah Slayny,7,B,Term 2,22,96,53,84,72,327,500,65.4,Pass
S142,Ara Hempshall,5,B,Term 1,18,58,49,52,58,235,500,47,Pass
S950,Monah Tincey,4,A,Term 2,41,65,63,51,69,289,500,57.8,Pass
S703,Leonard Killshaw,10,B,Term 1,69,87,79,97,90,422,500,84.4,Pass
S256,Letty Purle,1,A,Term 1,34,42,29,74,60,239,500,47.8,Pass
S872,Martie Berry,3,A,Term 2,50,22,33,87,91,283,500,56.6,Pass
S666,Kevon Tallman,11,B,Term 2,34,62,73,94,28,291,500,58.2,Pass
S122,Desiri Fegan,11,B,Term 1,57,42,23,72,26,220,500,44,Pass
S552,Rafaelita Roake,7,B,Term 2,87,90,50,84,42,353,500,70.6,Pass
S324,Pearl Brunone,4,A,Term 1,19,56,32,41,54,202,500,40.4,Pass
S569,Cedric Dmitr,2,B,Term 2,96,68,94,23,72,353,500,70.6,Pass
S459,Genevieve Bytheway,4,A,Term 1,71,35,99,45,55,305,500,61,Pass
S791,Maureen Cristofori,2,B,Term 2,75,42,21,70,67,275,500,55,Pass
S912,Levon Medhurst,5,B,Term 1,53,95,87,21,55,311,500,62.2,Pass
S296,Matti Bavage,2,A,Term 2,92,25,68,23,34,242,500,48.4,Pass
S451,Leonanie Maliphant,8,A,Term 2,26,70,89,59,47,291,500,58.2,Pass
S729,Viviene Waldock,8,B,Term 2,95,38,22,45,70,270,500,54,Pass
S443,Donielle Kareman,2,B,Term 1,48,29,56,52,64,249,500,49.8,Pass
S223,Dinah Sabathier,12,A,Term 2,56,72,45,73,71,317,500,63.4,Pass
S953,Charis Kieran,8,A,Term 1,85,13,78,23,33,232,500,46.4,Pass
S595,Alecia Alelsandrovich,4,A,Term 2,35,90,74,33,40,272,500,54.4,Pass
S436,Stanislaw Hembery,3,B,Term 1,51,16,24,85,34,210,500,42,Pass
S497,Allayne Dumbarton,12,A,Term 2,51,14,72,56,86,279,500,55.8,Pass
S701,Natasha Perago,9,A,Term 1,70,57,38,78,89,332,500,66.4,Pass
S141,Ilse Rosenfelt,4,B,Term 1,16,39,39,87,77,258,500,51.6,Pass
S811,Thatcher Gant,7,B,Term 2,77,66,39,57,54,293,500,58.6,Pass
S395,Joy Philson,12,B,Term 1,54,78,35,79,75,321,500,64.2,Pass
S841,Mattheus Januszkiewicz,12,B,Term 2,79,41,27,67,54,268,500,53.6,Pass
S188,Martie Edgeller,7,B,Term 1,25,52,28,42,43,190,500,38,Pass
S510,Vaclav Yve,1,B,Term 1,24,74,34,87,61,280,500,56,Pass
S753,Kippie Mallen,9,B,Term 2,91,77,60,45,90,363,500,72.6,Pass
S546,Bernhard Scoterbosh,2,A,Term 2,46,84,48,90,63,331,500,66.2,Pass
S430,Arni O'Scanlan,6,A,Term 1,32,13,60,75,27,207,500,41.4,Pass
S497,Stacy Brandrick,2,B,Term 1,85,41,52,68,84,330,500,66,Pass
S374,Karlyn Squirrel,4,A,Term 2,17,36,78,81,90,302,500,60.4,Pass
S559,Francisca Haddinton,3,A,Term 1,29,22,78,26,83,238,500,47.6,Pass
S395,Malorie Mitroshinov,4,A,Term 2,20,80,45,21,44,210,500,42,Pass
S701,Nelli Pourvoieur,2,A,Term 2,14,72,23,45,80,234,500,46.8,Pass
S356,Petronia Hellyer,10,B,Term 2,69,97,93,88,55,402,500,80.4,Pass
S571,Duane Eatherton,1,A,Term 2,71,57,66,28,94,316,500,63.2,Pass
S955,Neile O'Docherty,3,B,Term 2,73,92,64,71,95,395,500,79,Pass
S599,Nanete Gaynsford,2,A,Term 1,37,16,19,70,39,181,500,36.2,Pass
S913,Nathalie Lavielle,7,B,Term 2,85,38,93,73,79,368,500,73.6,Pass
S488,Haley Medd,10,A,Term 1,52,46,34,26,32,190,500,38,Pass
S158,Jack Traviss,9,B,Term 2,49,15,53,79,52,248,500,49.6,Pass
S247,Winonah Cicchillo,10,B,Term 2,97,46,88,44,73,348,500,69.6,Pass
S977,Worth Duiged,8,B,Term 2,88,85,21,46,27,267,500,53.4,Pass
S463,Mortie Aldous,9,B,Term 1,87,47,48,43,82,307,500,61.4,Pass
S491,Bunnie Koubu,6,B,Term 1,87,17,54,68,70,296,500,59.2,Pass
S796,Sallyann Greste,11,A,Term 1,34,62,68,41,83,288,500,57.6,Pass
S440,Gonzales Garvill,8,A,Term 1,72,65,84,63,56,340,500,68,Pass
S414,Harbert Labrone,3,B,Term 1,79,55,71,92,86,383,500,76.6,Pass
S028,Dolores Godbald,6,B,Term 1,78,78,41,77,40,314,500,62.8,Pass
S315,Robbie Pick,6,A,Term 1,76,57,89,33,38,293,500,58.6,Pass
S245,Germaine Walczak,3,A,Term 2,94,61,82,64,77,378,500,75.6,Pass
S562,Corey McComas,3,A,Term 1,71,75,54,92,82,374,500,74.8,Pass
S367,Catrina Widmore,11,A,Term 1,85,55,99,68,82,389,500,77.8,Pass
S832,Barron Scritch,2,B,Term 2,42,55,22,83,44,246,500,49.2,Pass
S884,Carlotta Feldmesser,4,A,Term 2,21,66,20,77,65,249,500,49.8,Pass
S697,Arvie Sommer,5,A,Term 2,31,63,76,72,90,332,500,66.4,Pass
S932,Marge Creffeild,10,A,Term 1,89,43,20,60,24,236,500,47.2,Pass
S021,Sandor Cartlidge,5,B,Term 1,55,91,57,90,76,369,500,73.8,Pass
S962,Abbe Sercombe,8,B,Term 2,19,54,60,61,78,272,500,54.4,Pass
S736,Odele Lieb,8,B,Term 1,87,14,91,67,29,288,500,57.6,Pass
S655,Malinde Prenty,3,B,Term 2,65,96,34,34,79,308,500,61.6,Pass
S784,Conan Wildey,10,A,Term 1,24,58,55,88,83,308,500,61.6,Pass
S819,Tabor Soonhouse,10,B,Term 1,60,23,70,53,93,299,500,59.8,Pass
S448,Nathalie Witherdon,9,A,Term 2,55,51,84,23,25,238,500,47.6,Pass
S866,Nicko O'Grada,8,A,Term 1,75,98,39,79,62,353,500,70.6,Pass
S185,Baxie Meechan,3,A,Term 2,76,23,81,31,29,240,500,48,Pass
S016,Nehemiah Bragg,7,A,Term 2,27,19,34,87,76,243,500,48.6,Pass
S771,Clovis Swanwick,7,A,Term 1,43,40,67,24,95,269,500,53.8,Pass
S579,Rycca Rizzardo,4,A,Term 2,83,14,67,48,25,237,500,47.4,Pass
S388,Erminia Toderi,3,B,Term 1,96,51,69,87,74,377,500,75.4,Pass
S629,Ignacius Spiers,11,A,Term 2,20,26,74,36,32,188,500,37.6,Pass
S631,Willa Russo,6,A,Term 1,83,73,73,76,77,382,500,76.4,Pass
S843,Alane Guilaem,8,A,Term 2,49,64,81,40,60,294,500,58.8,Pass
S433,Rani Mayler,4,B,Term 1,22,97,73,65,35,292,500,58.4,Pass
S681,Paolo Kuhle,8,A,Term 2,62,12,24,27,27,152,500,30.4,Fail
S216,Koenraad Suggey,10,B,Term 2,16,16,95,50,49,226,500,45.2,Pass
S657,Carrol Timson,6,A,Term 2,89,81,21,76,39,306,500,61.2,Pass
S574,Robbie Hinzer,4,B,Term 1,52,79,79,77,64,351,500,70.2,Pass
S663,Hyacintha Bassom,1,B,Term 2,80,37,44,82,46,289,500,57.8,Pass
S280,Christiana Sidaway,7,A,Term 2,96,96,26,83,87,388,500,77.6,Pass
S556,Leesa Rollo,12,A,Term 2,92,80,21,56,72,321,500,64.2,Pass
S701,Delila O'Glassane,1,B,Term 1,38,34,86,91,47,296,500,59.2,Pass
S676,Kris Hubball,10,A,Term 2,75,22,83,43,86,309,500,61.8,Pass
S649,Rees Hadgraft,7,A,Term 2,90,97,18,41,64,310,500,62,Pass
S084,Melodee Goodfield,8,B,Term 2,75,57,92,59,74,357,500,71.4,Pass
S134,Malcolm Livens,6,B,Term 2,38,18,38,80,32,206,500,41.2,Pass
S234,Adolph Ong,7,B,Term 2,83,39,22,63,65,272,500,54.4,Pass
S586,Yves Testo,1,B,Term 1,71,59,78,33,95,336,500,67.2,Pass
S548,Curr Sotheron,5,B,Term 2,80,29,38,53,41,241,500,48.2,Pass
S356,Shane Rackstraw,7,A,Term 2,96,20,31,25,43,215,500,43,Pass
S944,Randee Swaile,4,A,Term 2,57,93,24,42,42,258,500,51.6,Pass
S584,Dannie Mose,9,A,Term 1,58,95,35,71,53,312,500,62.4,Pass
S633,Kiley MacAvddy,8,A,Term 2,67,33,69,60,55,284,500,56.8,Pass
S794,Judon Tebald,12,B,Term 1,84,32,97,94,50,357,500,71.4,Pass
S447,Kinsley Firpi,10,B,Term 1,30,12,70,85,60,257,500,51.4,Pass
S718,Jocelyne Valentin,11,B,Term 2,97,51,89,23,70,330,500,66,Pass
S709,Celina Havvock,11,B,Term 2,58,14,94,66,95,327,500,65.4,Pass
S521,Jarred Ferries,12,A,Term 2,25,80,91,61,29,286,500,57.2,Pass
S208,Alexandre Veazey,3,A,Term 2,48,13,88,24,61,234,500,46.8,Pass
S612,Brenn Clackson,10,B,Term 1,23,52,95,44,50,264,500,52.8,Pass
S228,Giulietta Lyffe,5,B,Term 1,93,60,87,75,47,362,500,72.4,Pass
S973,Fulton Issitt,5,B,Term 2,67,52,24,28,95,266,500,53.2,Pass
S486,Levey Mellers,3,B,Term 2,34,21,74,80,27,236,500,47.2,Pass
S365,Naomi Rosso,8,A,Term 1,48,45,34,57,32,216,500,43.2,Pass
S113,Ashli McIlreavy,11,A,Term 1,88,16,80,59,91,334,500,66.8,Pass
S316,Julianne Doggart,9,A,Term 2,41,52,87,47,30,257,500,51.4,Pass
S828,Kimball Clawson,11,B,Term 2,95,14,98,23,83,313,500,62.6,Pass
S658,Blaire Ioannou,2,A,Term 2,95,86,64,68,79,392,500,78.4,Pass
S967,Wynne Rothermel,2,B,Term 1,56,43,28,66,62,255,500,51,Pass
S159,Nikolas Gladdor,9,A,Term 1,24,30,44,85,85,268,500,53.6,Pass
S595,Lissa Farrant,11,A,Term 2,91,96,47,28,64,326,500,65.2,Pass
S176,Virgie Bank,8,B,Term 2,55,57,92,59,29,292,500,58.4,Pass
S634,Madalyn Franzolini,8,B,Term 1,16,38,65,45,50,214,500,42.8,Pass
S526,Mariquilla Whitehurst,10,A,Term 2,98,34,54,46,30,262,500,52.4,Pass
S140,Chickie Bohling,3,A,Term 1,68,37,78,51,42,276,500,55.2,Pass
S144,Dennison Luparti,3,B,Term 1,79,36,36,28,38,217,500,43.4,Pass
S006,Katuscha Leer,12,A,Term 1,80,23,62,51,28,244,500,48.8,Pass
S929,Bartie Blacklock,11,A,Term 2,60,93,94,41,46,334,500,66.8,Pass
S315,Phylis Dungate,5,A,Term 1,50,26,77,49,37,239,500,47.8,Pass
S967,Rancell Maltster,2,A,Term 1,54,91,75,31,58,309,500,61.8,Pass
S107,Marchall Vallintine,11,B,Term 2,85,88,56,22,89,340,500,68,Pass
S168,Windy Arends,5,A,Term 2,88,74,34,71,72,339,500,67.8,Pass
S910,Sheridan Armytage,5,B,Term 2,21,37,70,86,94,308,500,61.6,Pass
S860,Rogers Judkin,10,A,Term 1,67,82,54,50,68,321,500,64.2,Pass
S537,Noellyn Danelutti,4,B,Term 2,98,29,80,29,56,292,500,58.4,Pass
S135,Errick Lidgate,2,A,Term 1,82,32,52,68,78,312,500,62.4,Pass
S988,Ravid Murrum,3,A,Term 1,48,33,37,82,55,255,500,51,Pass
S128,Calhoun Cownden,8,A,Term 1,45,60,24,35,29,193,500,38.6,Pass
S018,Faustina Butterick,4,A,Term 1,73,82,62,77,88,382,500,76.4,Pass
S839,Tristam Ewles,9,A,Term 1,30,85,19,29,30,193,500,38.6,Pass
S275,Lindie Mellhuish,3,A,Term 1,83,51,43,28,64,269,500,53.8,Pass
S215,Che Haimes,12,B,Term 2,67,94,62,30,52,305,500,61,Pass
S664,Leonard Linde,9,B,Term 1,22,58,47,48,89,264,500,52.8,Pass
S063,Minny Grabham,3,B,Term 2,92,51,22,85,26,276,500,55.2,Pass
S935,Thadeus Darlow,9,B,Term 1,64,88,47,64,75,338,500,67.6,Pass
S813,Brandice Bruin,2,B,Term 2,73,79,80,34,79,345,500,69,Pass
S838,Dare Hotton,11,B,Term 2,17,59,30,82,27,215,500,43,Pass
S231,Rosalyn Behnecken,7,A,Term 1,14,77,89,63,45,288,500,57.6,Pass
S365,Ambrosio O'Mailey,7,A,Term 2,53,55,82,38,52,280,500,56,Pass
S828,Hermie O'Corhane,7,B,Term 1,92,79,27,55,71,324,500,64.8,Pass
S546,Sella Remer,4,A,Term 2,26,97,56,72,77,328,500,65.6,Pass
S713,Jamey Zute,3,A,Term 2,40,54,92,38,76,300,500,60,Pass
S951,Demetria Truwert,11,B,Term 2,25,20,47,28,40,160,500,32,Fail
S707,Aaren Gingell,6,B,Term 1,28,92,99,25,82,326,500,65.2,Pass
S690,Allissa Maliffe,5,A,Term 1,73,50,60,62,46,291,500,58.2,Pass
S794,Ira Bolf,3,A,Term 2,22,45,72,37,84,260,500,52,Pass
S425,Klarrisa Kleinerman,8,A,Term 1,46,49,79,62,68,304,500,60.8,Pass
S365,Skipper Goulden,8,B,Term 1,23,82,58,85,75,323,500,64.6,Pass
S776,Dalila Drakeley,3,A,Term 2,19,59,47,96,73,294,500,58.8,Pass
S378,Homer Lammin,10,B,Term 2,53,43,61,41,33,231,500,46.2,Pass
S098,Ruthann Donalson,3,B,Term 2,70,20,96,91,50,327,500,65.4,Pass
S844,Krissy Gainsford,3,A,Term 1,39,72,63,22,70,266,500,53.2,Pass
S424,Stefano Grinley,6,B,Term 2,69,78,37,46,49,279,500,55.8,Pass
S759,Vonni Jurczyk,2,A,Term 1,75,20,39,35,59,228,500,45.6,Pass
S290,Amabelle Bulbeck,6,B,Term 1,53,76,66,28,31,254,500,50.8,Pass
S311,Jennifer Bardwall,8,A,Term 2,43,72,77,23,56,271,500,54.2,Pass
S347,Audy Dearnaly,4,A,Term 2,34,84,73,62,93,346,500,69.2,Pass
S118,Rutledge Aime,10,B,Term 2,54,78,38,21,61,252,500,50.4,Pass
S783,Barret Cowndley,1,B,Term 2,36,32,74,25,60,227,500,45.4,Pass
S329,Laureen Whopples,9,B,Term 2,29,66,50,50,88,283,500,56.6,Pass
S246,Oralia Buckenham,7,B,Term 1,59,26,46,26,85,242,500,48.4,Pass
S593,Norine Sutherland,5,A,Term 2,98,25,96,31,24,274,500,54.8,Pass
S242,Valentin Gutridge,6,B,Term 1,70,22,82,92,81,347,500,69.4,Pass
S946,Pris Futty,12,B,Term 1,86,80,97,97,27,387,500,77.4,Pass
S767,Christiane Oleszczak,11,B,Term 2,71,45,77,22,24,239,500,47.8,Pass
S294,Eldredge Reace,7,B,Term 2,67,40,49,23,82,261,500,52.2,Pass
S456,Kala Parminter,5,B,Term 2,21,75,43,51,29,219,500,43.8,Pass
S499,Jed Scorey,11,A,Term 1,21,46,78,50,93,288,500,57.6,Pass
S238,Craggy McIlenna,12,A,Term 1,24,97,22,22,74,239,500,47.8,Pass
S532,Bonny Rossander,8,A,Term 2,60,68,50,85,63,326,500,65.2,Pass
S154,Dex Fosh,2,B,Term 1,54,20,42,56,86,258,500,51.6,Pass
S880,Merwyn Griffitts,1,A,Term 1,64,44,79,60,46,293,500,58.6,Pass
S034,Mendel Dransfield,1,A,Term 1,62,50,49,87,65,313,500,62.6,Pass
S227,Brannon Philpot,2,B,Term 2,51,82,93,68,70,364,500,72.8,Pass
S397,Portia McAllan,1,A,Term 1,92,30,37,54,57,270,500,54,Pass
S022,Giraldo Patrickson,7,A,Term 2,68,77,61,63,44,313,500,62.6,Pass
S346,Othilia Riggoll,9,B,Term 1,15,26,37,58,27,163,500,32.6,Fail
S484,Isadora Snazle,3,A,Term 2,40,70,85,26,35,256,500,51.2,Pass
S920,Dael Gresty,5,A,Term 1,86,90,85,56,82,399,500,79.8,Pass
S380,Butch Fathers,3,A,Term 1,78,34,70,73,61,316,500,63.2,Pass
S549,Jozef Yewdale,7,B,Term 2,66,86,68,84,87,391,500,78.2,Pass
S972,Sascha Carwithen,8,A,Term 1,53,64,88,95,58,358,500,71.6,Pass
S716,Cassy Tremmil,7,B,Term 1,31,39,92,77,24,263,500,52.6,Pass
S304,Emile Scones,11,B,Term 1,33,19,74,49,83,258,500,51.6,Pass
S842,Phil ducarme,12,A,Term 1,62,42,59,57,91,311,500,62.2,Pass
S159,Juana Larchier,10,B,Term 1,77,81,23,57,24,262,500,52.4,Pass
S578,Celinda Saenz,9,B,Term 1,54,93,50,85,25,307,500,61.4,Pass
S404,Marty Stitwell,2,B,Term 2,22,96,44,36,32,230,500,46,Pass
S658,Crichton Mont,7,A,Term 2,21,62,80,40,91,294,500,58.8,Pass
S837,Edward Warrier,5,A,Term 2,58,47,67,85,65,322,500,64.4,Pass
S263,Nona Akroyd,12,A,Term 2,89,16,73,61,39,278,500,55.6,Pass
S786,Lyn Frangleton,5,B,Term 2,44,80,61,59,33,277,500,55.4,Pass
S308,Sylvan Battle,3,A,Term 2,49,55,66,43,67,280,500,56,Pass
S096,Trumaine Brinklow,9,A,Term 1,82,38,35,77,61,293,500,58.6,Pass
S560,Dyanne Aucott,12,B,Term 2,62,66,30,64,85,307,500,61.4,Pass
S958,George Pantridge,12,A,Term 1,69,48,33,37,39,226,500,45.2,Pass
S422,Maridel Bromilow,1,B,Term 2,45,65,45,60,60,275,500,55,Pass
S018,Kathryne McAulay,12,A,Term 2,78,30,85,70,27,290,500,58,Pass
S224,Lind Branton,3,B,Term 2,51,25,54,41,83,254,500,50.8,Pass
S072,Nyssa Dobbison,10,A,Term 1,94,37,95,77,64,367,500,73.4,Pass
S379,Abigail Maloney,11,A,Term 1,26,53,93,24,81,277,500,55.4,Pass
S125,Arnie Peterffy,9,B,Term 2,54,90,58,81,80,363,500,72.6,Pass
S320,Ky Jeskin,10,A,Term 1,76,90,53,23,36,278,500,55.6,Pass
S328,Elvyn Klemmt,10,A,Term 2,82,37,50,77,67,313,500,62.6,Pass
S664,Leonanie Anwell,7,B,Term 2,77,79,39,22,55,272,500,54.4,Pass
S443,Lindi Thomsson,7,B,Term 2,36,51,68,31,80,266,500,53.2,Pass
S704,Bent Divell,9,A,Term 1,45,95,44,40,70,294,500,58.8,Pass
S082,Herc Larrat,9,B,Term 1,72,60,96,36,64,328,500,65.6,Pass
S251,Karissa Craxford,9,A,Term 2,91,62,79,83,82,397,500,79.4,Pass
S019,Chaim Eringey,8,A,Term 1,21,95,50,66,45,277,500,55.4,Pass
S023,Joann De Domenici,5,A,Term 2,67,33,31,36,87,254,500,50.8,Pass
S229,Robyn Vlasyev,10,B,Term 1,64,26,33,55,83,261,500,52.2,Pass
S420,Malinde Slisby,8,B,Term 1,36,49,33,95,28,241,500,48.2,Pass
S015,Arluene Gibbe,5,A,Term 1,94,46,20,77,88,325,500,65,Pass
S494,Hector Doughartie,3,A,Term 1,35,36,86,90,71,318,500,63.6,Pass
S067,Lela McKeggie,4,A,Term 2,52,25,46,87,41,251,500,50.2,Pass
S146,Stanton Leyes,8,A,Term 2,51,47,86,97,86,367,500,73.4,Pass
S117,Billy Burdell,12,A,Term 1,44,59,81,78,58,320,500,64,Pass
S413,Darill Oxtarby,10,B,Term 2,49,85,62,67,70,333,500,66.6,Pass
S093,Kristopher Luigi,1,A,Term 1,42,50,31,35,53,211,500,42.2,Pass
S297,Emmerich Bidgod,6,B,Term 1,73,94,70,82,56,375,500,75,Pass
S889,Ryan Moehle,7,B,Term 1,40,33,28,21,42,164,500,32.8,Fail
S652,Garold Poone,4,A,Term 2,69,97,29,45,73,313,500,62.6,Pass
S040,Vergil Bourrel,11,A,Term 1,74,92,86,85,66,403,500,80.6,Pass
S457,Brooks O'Halleghane,1,A,Term 2,80,12,77,21,70,260,500,52,Pass
S615,Wash De La Cote,2,B,Term 2,22,81,99,34,56,292,500,58.4,Pass
S146,Shelbi Cogger,6,A,Term 2,80,36,21,88,32,257,500,51.4,Pass
S490,Ashlin Reede,4,A,Term 2,60,76,94,93,57,380,500,76,Pass
S186,Jacquie Shimmings,1,A,Term 1,78,68,53,68,80,347,500,69.4,Pass
S467,Cally Dressell,4,B,Term 2,31,82,85,84,61,343,500,68.6,Pass
S160,Lani Scally,11,A,Term 2,15,95,23,81,59,273,500,54.6,Pass
S293,Garrik Janic,10,B,Term 2,59,29,36,35,86,245,500,49,Pass
S016,Winny Brazener,5,A,Term 2,75,67,91,33,94,360,500,72,Pass
S368,Phineas Rillatt,1,A,Term 2,46,55,52,41,32,226,500,45.2,Pass
S674,Heather Gercke,9,A,Term 1,24,45,39,34,30,172,500,34.4,Pass
S111,Urbanus Mourgue,11,B,Term 1,88,24,20,39,24,195,500,39,Pass
S791,Tobias Center,2,A,Term 1,66,53,88,59,92,358,500,71.6,Pass
S966,Aaron Roberto,3,B,Term 1,75,74,28,92,67,336,500,67.2,Pass
S883,Kevin Spick,12,A,Term 2,80,92,80,95,42,389,500,77.8,Pass
S567,Cornelius Tressler,3,A,Term 1,59,36,77,74,87,333,500,66.6,Pass
S403,Jemmy Searby,1,A,Term 1,76,28,44,35,95,278,500,55.6,Pass
S740,Randy Busson,3,A,Term 1,54,81,77,91,64,367,500,73.4,Pass
S906,Giuditta Khadir,7,A,Term 2,23,15,99,95,81,313,500,62.6,Pass
S204,Joyann Ruddick,7,B,Term 2,97,44,95,44,56,336,500,67.2,Pass
S238,Jewel Pendall,1,B,Term 2,35,15,66,30,44,190,500,38,Pass
S934,Prince Emeline,1,B,Term 2,29,85,89,66,51,320,500,64,Pass
S475,Irving Baily,8,A,Term 1,16,92,91,47,76,322,500,64.4,Pass
S732,Elbertina Mardy,1,B,Term 2,19,60,54,90,61,284,500,56.8,Pass
S832,Tiebold Rulten,9,B,Term 1,29,38,73,49,35,224,500,44.8,Pass
S615,Carmine Goby,3,A,Term 1,51,12,61,34,44,202,500,40.4,Pass
S851,Wash Lukacs,6,B,Term 2,77,79,46,65,59,326,500,65.2,Pass
S665,Kort Dahlgren,7,A,Term 1,68,58,39,44,87,296,500,59.2,Pass
S804,Burnaby Ruberry,9,A,Term 2,90,79,27,43,62,301,500,60.2,Pass
S911,Zena Rousby,1,B,Term 1,97,70,58,36,23,284,500,56.8,Pass
S453,Wiley Jago,1,B,Term 1,70,47,59,65,55,296,500,59.2,Pass
S450,Trumann Easseby,9,B,Term 2,87,30,28,84,66,295,500,59,Pass
S004,Arlyn Whalebelly,1,A,Term 1,68,21,25,78,78,270,500,54,Pass
S624,Felipe Hindhaugh,2,B,Term 2,14,62,85,28,88,277,500,55.4,Pass
S616,Aldrich McCosker,12,A,Term 1,90,13,55,95,31,284,500,56.8,Pass
S084,Mathe Haysham,10,A,Term 2,20,23,45,76,68,232,500,46.4,Pass
S620,Buddy Peal,1,B,Term 2,66,56,40,51,70,283,500,56.6,Pass
S076,Trenna Ferreli,3,B,Term 2,25,23,26,97,66,237,500,47.4,Pass
S656,Salome Shoard,9,B,Term 2,48,26,82,86,39,281,500,56.2,Pass
S837,Meade Crollman,12,B,Term 1,39,76,27,48,84,274,500,54.8,Pass
S982,Rafaello Bayston,5,A,Term 2,80,44,23,64,84,295,500,59,Pass
S651,Kennan Geraud,5,B,Term 2,56,60,74,42,91,323,500,64.6,Pass
S200,Evvy Dorre,8,A,Term 2,65,37,92,93,70,357,500,71.4,Pass
S855,Moina Donan,2,A,Term 2,55,48,39,24,54,220,500,44,Pass
S495,Aida Phillimore,11,A,Term 1,73,30,60,48,85,296,500,59.2,Pass
S812,Cointon Zecchetti,7,B,Term 1,18,72,98,34,89,311,500,62.2,Pass
S053,Jodi McNern,4,A,Term 2,41,65,43,74,39,262,500,52.4,Pass
S032,Sosanna Nockalls,3,A,Term 1,90,34,94,91,56,365,500,73,Pass
S897,Vlad O'Lehane,10,B,Term 1,42,56,66,47,60,271,500,54.2,Pass
S941,Tristan Locke,8,B,Term 2,33,79,75,67,75,329,500,65.8,Pass
S369,Aloin Cleverley,10,A,Term 2,49,56,46,51,34,236,500,47.2,Pass
S947,Rriocard McCrum,9,A,Term 1,38,59,48,84,37,266,500,53.2,Pass
S726,Nicky Bitcheno,8,B,Term 1,25,78,69,91,41,304,500,60.8,Pass
S162,Marcella Balch,12,B,Term 2,73,21,96,48,28,266,500,53.2,Pass
S733,Lona Howe,11,B,Term 1,71,32,31,86,69,289,500,57.8,Pass
S071,Morry Culvey,11,A,Term 2,76,86,20,70,41,293,500,58.6,Pass
S883,Annemarie Gauford,2,B,Term 2,34,83,64,69,88,338,500,67.6,Pass
S047,Irene Greener,2,B,Term 1,89,19,97,40,43,288,500,57.6,Pass
S641,Louie Habble,10,A,Term 2,38,67,91,23,62,281,500,56.2,Pass
S206,Dawna Ungaretti,7,B,Term 1,88,94,65,49,23,319,500,63.8,Pass
S711,Nicholas Annear,1,B,Term 2,65,84,57,28,27,261,500,52.2,Pass
S419,Mindy Hellen,1,B,Term 2,83,63,41,30,54,271,500,54.2,Pass
S846,Rodie Tobin,10,B,Term 1,20,93,36,93,89,331,500,66.2,Pass
S326,Wylie Anear,6,B,Term 2,27,74,92,61,44,298,500,59.6,Pass
S294,Ella Denley,5,A,Term 1,14,80,35,70,70,269,500,53.8,Pass
S664,Bonita Redler,5,A,Term 1,48,63,67,54,35,267,500,53.4,Pass
S169,Harli Burcombe,8,B,Term 1,89,54,73,51,41,308,500,61.6,Pass
S050,Cosmo McReynold,5,A,Term 2,87,70,67,36,90,350,500,70,Pass
S779,Rycca Bolt,5,A,Term 2,70,62,60,86,72,350,500,70,Pass
S603,Kinnie Slym,10,A,Term 2,88,59,56,56,27,286,500,57.2,Pass
S415,Frank Keenlayside,10,A,Term 1,29,13,31,35,46,154,500,30.8,Fail
S157,Claudell Sparks,11,B,Term 2,62,64,27,25,79,257,500,51.4,Pass
S528,Dwain Cleal,6,B,Term 2,18,71,66,73,43,271,500,54.2,Pass
S687,Olive Sarsons,4,B,Term 2,85,45,52,74,34,290,500,58,Pass
S540,Lesley Benoi,10,B,Term 1,55,73,64,89,38,319,500,63.8,Pass
S979,Barron Hoggin,5,B,Term 2,56,22,23,90,35,226,500,45.2,Pass
S645,Modestia Blandford,4,B,Term 2,72,62,34,48,63,279,500,55.8,Pass
S559,Gretel Summerlee,10,A,Term 1,37,29,18,33,50,167,500,33.4,Pass
S682,Sherye Prior,11,B,Term 2,93,66,91,36,31,317,500,63.4,Pass
S888,Say Celand,2,A,Term 1,76,97,51,21,80,325,500,65,Pass
S435,Loleta Yanshin,2,B,Term 1,89,74,95,32,53,343,500,68.6,Pass
S950,Myrtia Sweatland,2,A,Term 2,89,55,51,91,72,358,500,71.6,Pass
S755,Lynde Hurl,8,B,Term 1,84,60,26,51,28,249,500,49.8,Pass
S655,Inger Mogey,10,B,Term 1,56,92,42,42,81,313,500,62.6,Pass
S321,Ebenezer Besemer,1,A,Term 2,21,29,62,96,79,287,500,57.4,Pass
S319,Mair Hargroves,12,B,Term 1,46,23,21,43,91,224,500,44.8,Pass
S714,Tommy Scinelli,5,A,Term 2,66,29,83,63,91,332,500,66.4,Pass
S274,Augy Hansbury,8,B,Term 2,88,19,94,55,38,294,500,58.8,Pass
S123,Cobbie Risso,12,B,Term 1,37,36,61,87,39,260,500,52,Pass
S659,Barney Cheverton,5,B,Term 2,28,24,31,95,69,247,500,49.4,Pass
S482,Leslie Peller,2,A,Term 2,50,56,58,47,82,293,500,58.6,Pass
S060,Ab FitzGibbon,9,A,Term 2,81,31,81,84,23,300,500,60,Pass
S365,Salem Demonge,3,A,Term 2,30,58,62,29,85,264,500,52.8,Pass
S405,Humphrey Capel,12,B,Term 1,61,67,80,70,57,335,500,67,Pass
S777,Philly Couves,5,B,Term 2,20,19,42,76,31,188,500,37.6,Pass
S888,Hinze Gaine,2,A,Term 2,14,77,82,91,35,299,500,59.8,Pass
S264,Antonina Arnhold,6,B,Term 2,73,31,55,36,90,285,500,57,Pass
S497,Zitella Durek,8,B,Term 1,73,30,62,52,26,243,500,48.6,Pass
S185,Katinka Di Maria,12,B,Term 1,26,93,35,95,75,324,500,64.8,Pass
S531,Glyn Marklow,12,A,Term 1,83,22,21,97,91,314,500,62.8,Pass
S109,Dinny Esselen,7,A,Term 2,51,83,29,51,58,272,500,54.4,Pass
S771,Templeton Murkus,6,A,Term 1,77,39,33,58,27,234,500,46.8,Pass
S122,Beniamino Wyllcock,1,A,Term 1,75,20,90,62,91,338,500,67.6,Pass
S014,Vin Aizic,7,B,Term 2,64,84,25,23,28,224,500,44.8,Pass
S566,Johnathon Kemwall,4,B,Term 1,79,36,51,92,31,289,500,57.8,Pass
S993,Karoline Avrahamian,10,B,Term 1,40,98,67,27,86,318,500,63.6,Pass
S652,Kellyann Menendez,3,A,Term 2,80,67,27,68,94,336,500,67.2,Pass
S784,Carce Virgin,7,B,Term 1,23,22,62,73,69,249,500,49.8,Pass
S519,Helaina Liverock,4,B,Term 1,70,70,69,33,92,334,500,66.8,Pass
S674,Sibelle McClenan,7,B,Term 1,41,97,81,31,80,330,500,66,Pass
S826,Tedd Gatteridge,3,B,Term 1,24,80,72,83,27,286,500,57.2,Pass
S124,Marni Franzetti,8,A,Term 1,98,95,74,23,85,375,500,75,Pass
S741,Binnie Dufour,11,A,Term 2,61,23,33,78,65,260,500,52,Pass
S677,Taryn Dell'Abbate,6,B,Term 1,87,81,62,37,39,306,500,61.2,Pass
S950,Amara Statter,8,B,Term 1,89,53,80,21,51,294,500,58.8,Pass
S300,Ward Chesley,11,A,Term 1,18,19,38,78,78,231,500,46.2,Pass
S290,Annadiana Gildroy,1,B,Term 2,23,81,49,34,52,239,500,47.8,Pass
S930,Charmaine Crocket,10,A,Term 1,16,61,19,29,31,156,500,31.2,Fail
S695,Jackqueline Norcliffe,8,B,Term 1,59,36,30,53,70,248,500,49.6,Pass
S152,Wells Sprowell,6,B,Term 2,91,54,26,30,58,259,500,51.8,Pass
S897,Bobbi Manneville,4,A,Term 2,46,14,21,44,48,173,500,34.6,Pass
S524,Westley Ridler,9,B,Term 2,46,98,46,41,56,287,500,57.4,Pass
S113,Daveta Pallin,5,B,Term 2,44,98,32,42,77,293,500,58.6,Pass
S109,Conrad Earry,9,B,Term 1,94,56,27,64,48,289,500,57.8,Pass
S052,Dionis Riding,5,B,Term 2,36,68,36,26,87,253,500,50.6,Pass
S650,Ora Suermeier,1,A,Term 2,16,54,42,67,34,213,500,42.6,Pass
S424,Edgardo Semper,12,B,Term 2,62,52,50,79,93,336,500,67.2,Pass
